--
-- PostgreSQL database dump
--

-- Dumped from database version 16.0 (Debian 16.0-1.pgdg120+1)
-- Dumped by pg_dump version 16.0

SET statement_timeout = 0;
SET lock_timeout = 0;
SET idle_in_transaction_session_timeout = 0;
SET client_encoding = 'UTF8';
SET standard_conforming_strings = on;
SELECT pg_catalog.set_config('search_path', '', false);
SET check_function_bodies = false;
SET xmloption = content;
SET client_min_messages = warning;
SET row_security = off;

--
-- Name: uuid-ossp; Type: EXTENSION; Schema: -; Owner: -
--

CREATE EXTENSION IF NOT EXISTS "uuid-ossp" WITH SCHEMA public;


--
-- Name: EXTENSION "uuid-ossp"; Type: COMMENT; Schema: -; Owner: 
--

COMMENT ON EXTENSION "uuid-ossp" IS 'generate universally unique identifiers (UUIDs)';


SET default_tablespace = '';

SET default_table_access_method = heap;

--
-- Name: panal_discussions; Type: TABLE; Schema: public; Owner: rescon
--

CREATE TABLE public.panal_discussions (
    id uuid DEFAULT public.uuid_generate_v4() NOT NULL,
    created_at timestamp without time zone DEFAULT now() NOT NULL,
    updated_at timestamp without time zone DEFAULT now() NOT NULL,
    session_id character varying,
    start_time time without time zone NOT NULL,
    end_time time without time zone NOT NULL
);


ALTER TABLE public.panal_discussions OWNER TO rescon;

--
-- Name: plenary_talks; Type: TABLE; Schema: public; Owner: rescon
--

CREATE TABLE public.plenary_talks (
    id uuid DEFAULT public.uuid_generate_v4() NOT NULL,
    created_at timestamp without time zone DEFAULT now() NOT NULL,
    updated_at timestamp without time zone DEFAULT now() NOT NULL,
    start_time time without time zone NOT NULL,
    end_time time without time zone NOT NULL,
    presenter character varying NOT NULL,
    location character varying NOT NULL,
    session_id character varying
);


ALTER TABLE public.plenary_talks OWNER TO rescon;

--
-- Name: roles; Type: TABLE; Schema: public; Owner: rescon
--

CREATE TABLE public.roles (
    id uuid DEFAULT public.uuid_generate_v4() NOT NULL,
    created_at timestamp without time zone DEFAULT now() NOT NULL,
    updated_at timestamp without time zone DEFAULT now() NOT NULL,
    name text NOT NULL
);


ALTER TABLE public.roles OWNER TO rescon;

--
-- Name: session_chairs; Type: TABLE; Schema: public; Owner: rescon
--

CREATE TABLE public.session_chairs (
    session_id character varying NOT NULL,
    session_chair_id uuid NOT NULL
);


ALTER TABLE public.session_chairs OWNER TO rescon;

--
-- Name: session_items; Type: TABLE; Schema: public; Owner: rescon
--

CREATE TABLE public.session_items (
    id uuid DEFAULT public.uuid_generate_v4() NOT NULL,
    created_at timestamp without time zone DEFAULT now() NOT NULL,
    updated_at timestamp without time zone DEFAULT now() NOT NULL,
    start_time time without time zone NOT NULL,
    end_time time without time zone NOT NULL,
    session_id character varying,
    abstract_id integer,
    title character varying,
    via character varying,
    presenter_id uuid
);


ALTER TABLE public.session_items OWNER TO rescon;

--
-- Name: sessions; Type: TABLE; Schema: public; Owner: rescon
--

CREATE TABLE public.sessions (
    id uuid DEFAULT public.uuid_generate_v4() NOT NULL,
    created_at timestamp without time zone DEFAULT now() NOT NULL,
    updated_at timestamp without time zone DEFAULT now() NOT NULL,
    start_time time without time zone NOT NULL,
    end_time time without time zone NOT NULL,
    date date NOT NULL,
    session_id character varying NOT NULL,
    session_item_ids text,
    category character varying NOT NULL,
    location character varying,
    session_chair_ids text,
    panal_discussion_ids text,
    plenary_talk_ids text
);


ALTER TABLE public.sessions OWNER TO rescon;

--
-- Name: users; Type: TABLE; Schema: public; Owner: rescon
--

CREATE TABLE public.users (
    id uuid DEFAULT public.uuid_generate_v4() NOT NULL,
    created_at timestamp without time zone DEFAULT now() NOT NULL,
    updated_at timestamp without time zone DEFAULT now() NOT NULL,
    username character varying NOT NULL,
    email character varying NOT NULL,
    password character varying NOT NULL,
    name character varying,
    role_name text,
    chairing_sessions text,
    nic character varying,
    institute character varying,
    registered boolean,
    presenting_sessions text,
    "registeredAt" character varying,
    "studentRegNo" character varying
);


ALTER TABLE public.users OWNER TO rescon;

--
-- Data for Name: panal_discussions; Type: TABLE DATA; Schema: public; Owner: rescon
--

COPY public.panal_discussions (id, created_at, updated_at, session_id, start_time, end_time) FROM stdin;
a183f329-bb5d-4f6a-9df7-ed80cbe012ec	2023-10-29 15:42:49.003961	2023-10-29 15:42:49.003961	ICTMS2	15:15:00	15:30:00
05773fc6-fdd2-4cc9-b920-c817cafa5e52	2023-10-29 15:42:49.003923	2023-10-29 15:42:49.003923	LS2	12:30:00	01:00:00
1e91f129-3872-4f85-aba9-9f89744a9c5c	2023-10-29 15:42:49.003698	2023-10-29 15:42:49.003698	LS4	15:45:00	16:00:00
b54ab908-1c3b-4df7-ac0c-a73f7c2181aa	2023-10-29 15:42:49.003274	2023-10-29 15:42:49.003274	LS3	15:45:00	16:00:00
c0a3aeda-e276-46bb-9876-eec351096f4e	2023-10-29 15:42:49.004528	2023-10-29 15:42:49.004528	LS5	09:45:00	10:00:00
8bbd362b-f805-4547-b765-7e3f30a5c4a9	2023-10-29 15:42:49.004246	2023-10-29 15:42:49.004246	ICTMS5	15:00:00	15:15:00
b4633302-6f31-44f1-a48e-74044e0a3b4e	2023-10-29 15:42:49.004191	2023-10-29 15:42:49.004191	LS1	12:45:00	01:00:00
83cf8afc-9748-4062-986b-76c8878eb4e1	2023-10-29 15:42:49.004831	2023-10-29 15:42:49.004831	ICTMS3	09:15:00	09:30:00
8efaa5f7-eb61-4f64-a1d6-441d706f38ae	2023-10-29 15:42:49.013027	2023-10-29 15:42:49.013027	ICTMS1	12:15:00	12:30:00
b876c14f-0bae-45b4-9f89-9479be64bd10	2023-10-29 15:42:49.013067	2023-10-29 15:42:49.013067	ICTMS4	12:15:00	12:30:00
d0c216fd-7e0e-4902-bf9b-ec3665cc07c7	2023-10-29 15:42:49.103245	2023-10-29 15:42:49.103245	LS6	09:45:00	10:00:00
40f0ffb6-7eaf-4446-978d-6a5467cad2b9	2023-10-29 15:42:49.112839	2023-10-29 15:42:49.112839	PS4	15:30:00	15:45:00
2399f176-cec2-457a-ac3e-aa1466b2b2a5	2023-10-29 15:42:49.113114	2023-10-29 15:42:49.113114	LS7	12:15:00	12:30:00
dbc96a5d-cb25-45aa-9bf9-79f1ba757a4b	2023-10-29 15:42:49.113808	2023-10-29 15:42:49.113808	LS9	15:15:00	15:30:00
10c68eb6-a3b0-47ae-874a-79459877c2cc	2023-10-29 15:42:49.112896	2023-10-29 15:42:49.112896	PS3	15:45:00	16:00:00
27b5bffb-24d3-4a04-a651-2164ab263bb6	2023-10-29 15:42:49.11301	2023-10-29 15:42:49.11301	PS1	13:00:00	13:15:00
6e23b00d-d1d2-4120-ab5f-37c9be178de0	2023-10-29 15:42:49.11286	2023-10-29 15:42:49.11286	PS2	13:00:00	13:15:00
aa922ae6-81b1-4cf6-abcb-41cb1cead74d	2023-10-29 15:42:49.112729	2023-10-29 15:42:49.112729	PS5	10:00:00	01:15:00
1ef03980-5051-4dc5-ad6c-05d9963262b6	2023-10-29 15:42:49.112719	2023-10-29 15:42:49.112719	LS8	12:15:00	12:30:00
98e7e407-0d9f-4f54-ae10-57769ad06f5c	2023-10-29 15:42:49.122705	2023-10-29 15:42:49.122705	PS6	15:45:00	16:00:00
9f0b74a3-1917-4013-ae81-7d484233bfb5	2023-10-29 15:42:49.202811	2023-10-29 15:42:49.202811	EES1	13:00:00	13:15:00
e25eb72e-5f43-4203-8853-ca244c4b0161	2023-10-29 15:42:49.223008	2023-10-29 15:42:49.223008	SE2	15:15:00	15:30:00
b8e95906-5a39-4f7e-a7c4-ef054c71fb18	2023-10-29 15:42:49.223524	2023-10-29 15:42:49.223524	EES4	11:45:00	12:00:00
922a579b-8c11-490a-a509-4a6c98abfb1e	2023-10-29 15:42:49.222992	2023-10-29 15:42:49.222992	SE1	12:15:00	12:30:00
cecbb355-c87f-42d2-96e0-3f96f0de08d7	2023-10-29 15:42:49.22305	2023-10-29 15:42:49.22305	EES3	09:45:00	10:00:00
7748ed06-f3c7-469a-a9a0-9d37668bc08e	2023-10-29 15:42:49.223008	2023-10-29 15:42:49.223008	EES2	15:45:00	16:00:00
21d32678-46ce-46d6-8e37-643f2be8e3ed	2023-10-29 15:42:49.223449	2023-10-29 15:42:49.223449	EES5	15:30:00	15:45:00
\.


--
-- Data for Name: plenary_talks; Type: TABLE DATA; Schema: public; Owner: rescon
--

COPY public.plenary_talks (id, created_at, updated_at, start_time, end_time, presenter, location, session_id) FROM stdin;
4326612f-d7d1-48d4-be5e-18d7c19bbb55	2023-10-29 15:42:18.874709	2023-10-29 15:42:18.874709	13:30:00	14:00:00	Prof. Danny O'Hare	Conference Hall Block C	PS6
ddcd3ffd-7743-402b-a341-eb3645c1fffe	2023-10-29 15:42:18.875077	2023-10-29 15:42:18.875077	13:30:00	14:00:00	Prof. Shironica Karunanayake	Auditorium Block A	SE2
acec94b9-4392-4af7-b08d-22ae54b95974	2023-10-29 15:42:18.874692	2023-10-29 15:42:18.874692	10:30:00	11:00:00	Dr. Chaminda Ranasinghe	Conference Hall Block C	ICTMS4
6e720257-2428-46c7-a9af-80096b557198	2023-10-29 15:42:18.874811	2023-10-29 15:42:18.874811	11:00:00	11:30:00	Prof. Johannes Barth	Conference Hall Block C	EES1
\.


--
-- Data for Name: roles; Type: TABLE DATA; Schema: public; Owner: rescon
--

COPY public.roles (id, created_at, updated_at, name) FROM stdin;
7cd2dd58-42c0-4502-9781-02aa9d970c8a	2023-10-29 01:47:51.547	2023-10-29 01:47:51.547	superadmin
2fc388fd-d10e-4e94-9f31-ac7d39a4c477	2023-10-29 01:47:59.929115	2023-10-29 01:47:59.929115	admin
f984f437-f359-4120-9a42-747057b3a0c5	2023-10-29 01:48:57.769935	2023-10-29 01:48:57.769935	presenter
1c4b8873-1d74-4b3e-a01a-ec57248aef85	2023-10-29 01:48:57.78042	2023-10-29 01:48:57.78042	student
a8a4cf64-36b3-4c64-9def-ac0cfac2ff64	2023-10-29 01:48:57.790439	2023-10-29 01:48:57.790439	public_user
08e9142c-5597-414a-8cbc-5244eceee32c	2023-10-29 01:48:57.79066	2023-10-29 01:48:57.79066	paid_user
7ac0d06c-5eaa-4fb9-996a-6dcc84fb0518	2023-10-29 01:48:57.790068	2023-10-29 01:48:57.790068	session_chair
060116ef-c373-49f1-902e-ad199029ae9a	2023-10-29 15:06:31.927265	2023-10-29 15:06:31.927265	staff
\.


--
-- Data for Name: session_chairs; Type: TABLE DATA; Schema: public; Owner: rescon
--

COPY public.session_chairs (session_id, session_chair_id) FROM stdin;
\.


--
-- Data for Name: session_items; Type: TABLE DATA; Schema: public; Owner: rescon
--

COPY public.session_items (id, created_at, updated_at, start_time, end_time, session_id, abstract_id, title, via, presenter_id) FROM stdin;
e17c1478-656e-4a41-bbaa-4103fdfbcc25	2023-10-29 15:36:04.227024	2023-10-29 15:36:04.227024	15:00:00	15:15:00	LS9	117	BIOACTIVITY STUDIES OF ALPINIA CALCARATA AND GLORIOSA SUPERBA LEAVES EXTRACTS	\N	942c0b3b-4ba5-4781-96b4-d74ccc26293f
31f231e5-7a15-4cf3-9d11-cd95f1362413	2023-10-29 15:36:04.226985	2023-10-29 15:36:04.226985	14:30:00	14:45:00	LS9	131	GOOGLE STREET VIEW REVEALS NEW INSIGHT INTO DISTRIBUTION OF PANICUM MAXIMUM IN SRI LANKA	\N	26904909-ee8a-463d-86cd-80e998357869
115a4f08-7509-4a4d-9e02-471eab0bb343	2023-10-29 15:36:03.756254	2023-10-29 15:36:03.756254	14:30:00	14:45:00	LS3	22	OVICIDAL AND OVIPOSITION DETERRENCE PROPERTIES OF TABERNAEMONTANA DIVARICATA (APOCYNACEAE) AGAINST AEDES ALBOPICTUS AND CULEX QUINQUEFASCIATUS IN SRI LANKA	\N	cbedcde5-464c-4dcc-8430-34f8cfca13ee
3c1ae725-9e87-4f86-8cc7-da5dda8d8399	2023-10-29 15:36:03.465961	2023-10-29 15:36:03.465961	13:30:00	13:45:00	ICTMS5	40	STUDY ON h-FUNCTION OF A BOUNDED SIMPLY CONNECTED REGION: DISC WITH DELETED DOUBLE SLITS	\N	2c0319bf-bfe7-43d6-87d1-d6e19ded3cfe
6ff35f61-df9c-4901-9f93-829012b0b90c	2023-10-29 15:36:04.23642	2023-10-29 15:36:04.23642	11:15:00	11:30:00	PS1	48	REMOVAL OF MAGNESIUM IONS BY FUNCTIONALIZED CARBON NANOTUBE	\N	39fd1061-70f4-4657-bacd-ddd4d81c1ee3
6353d3ed-e539-4ec6-9aba-6fdc3a02058b	2023-10-29 15:36:04.256103	2023-10-29 15:36:04.256103	11:30:00	11:45:00	PS1	54	Modeling Copper Ion Adsorption On Kaolinite By In-situ Measurement of Free Metal Ion Activities	\N	021d2cb4-7dbe-4f64-bc17-cba21ff25772
a2fbb4b2-00da-4e53-8943-0e10579a1283	2023-10-29 15:36:04.337259	2023-10-29 15:36:04.337259	11:15:00	11:30:00	PS2	89	COMPARISON OF X-RAY ATTENUATION IN THE ENERGY RANGE OF 50-80 KEV IN ALUMINIUM AND ZIRCON MINERAL ENCASED IN EPOXY MATRIX	\N	e792c28b-5272-4754-aeac-c5544735f90e
661b5c00-3616-498e-b2bb-537b531d02d5	2023-10-29 15:36:03.906625	2023-10-29 15:36:03.906625	08:15:00	08:30:00	LS5	102	RAPID DETECTION AND MOLECULAR AUTHENTICATION OF SANDALWOOD MARKET SAMPLES USING HIGH RESOLUTION MELTING ANALYSIS	zoom	0114586a-7880-41b7-9bd2-d6eb53607913
0317d356-7ca8-45d3-b8ae-629943e37fa5	2023-10-29 15:36:03.687457	2023-10-29 15:36:03.687457	12:00:00	12:15:00	LS2	166	ETHNOMEDICAL SURVEY ON SRI LANKAN HASTI VEDAKAMA; A STUDY BASED ON ELEPHANT CLUSTER AT THE TEMPLE OF THE TOOTH RELIC	\N	19c03f4b-74c2-4981-a0e1-6755b986d074
36cbb9c4-df43-4955-9397-57bd6ec570a9	2023-10-29 15:36:04.096329	2023-10-29 15:36:04.096329	12:00:00	12:15:00	LS7	177	RISK FACTORS OF DENGUE HEMORRHAGIC FEVER AMONG ADULT DENGUE PATIENTS IN THE WESTERN PROVINCE OF SRI LANKA: A CASE-CONTROL STUDY	\N	2e62bd63-82c9-452e-99d3-02f2c2b3d104
af3dacce-6c3b-49ec-8465-25980fb74da5	2023-10-29 15:36:04.296006	2023-10-29 15:36:04.296006	12:15:00	12:30:00	PS1	158	OPTIMIZATION OF THE SOLUTE DESCRIPTORS FOR CITRONELLAL BY GAS CHROMATOGRAPHY AND LIQUID-LIQUID PARTITION SYSTEMS	\N	068a8e69-7579-4797-84ee-d7b088d51955
8199cee5-0894-4d15-9a43-438de4d9469d	2023-10-29 15:36:03.465925	2023-10-29 15:36:03.465925	12:00:00	12:15:00	ICTMS4	168	CLASSIFICATION OF SINHALA NEWS USING MACHINE LEARNING APPROACHES	\N	615ca49e-9d9d-423a-a2b2-1bca7ddc5465
6e1a6e8e-31f8-43b2-ade1-fe34cb27f912	2023-10-29 15:36:04.32603	2023-10-29 15:36:04.32603	12:45:00	01:00:00	PS1	179	ADSORPTIVE REMOVAL OF AMOXICILLIN USING MONTMORILLONITE BARIUM TITANATE NANOCOMPOSITE IN AN AQUEOUS MEDIUM	\N	22ed40ea-6488-43a0-9e4e-ea7d4be64044
099b2177-631f-40d9-bc8e-d328011b2ee4	2023-10-29 15:36:03.346779	2023-10-29 15:36:03.346779	15:00:00	15:15:00	ICTMS2	191	A MATHEMATICAL MODEL FOR THE SPREAD OF COVID-19 IN SRI LANKA WITH THE ENVIRONMENTAL TRANSMISSION OF CORONAVIRUS	\N	a60f7e64-8bf4-42f3-bda2-ab6513607950
e228d552-f54e-45f2-a7ee-afdb1db0b9ef	2023-10-29 15:36:03.345752	2023-10-29 15:36:03.345752	11:45:00	12:00:00	ICTMS1	204	MAXIMAL EMBEDDING GENUS OF 3-EDGE CONNECTED HARARY GRAPHS	\N	a9a49087-27bc-4b23-9e17-5473e816219e
23807dff-107f-44d6-b188-68423997b67f	2023-10-29 15:36:04.398487	2023-10-29 15:36:04.398487	12:30:00	12:45:00	PS2	195	Layered Marigold-Flower-like CdS/MoS2-reduced Graphene Oxide Nanocomposite as an Efficient Electrode Material for Supercapacitor	zoom	a88a09bf-7079-4397-b64b-26b84c36ccdc
f8440e15-d5b2-4091-a560-4577e7699376	2023-10-29 15:36:03.34613	2023-10-29 15:36:03.34613	14:30:00	14:45:00	ICTMS2	184	ASYMPTOTIC DYNAMICS OF A PERIODIC TOXIN PRODUCING PHYTOPLANKTON MODEL	\N	a4306f2a-a6f2-4039-836a-ef3b2af224de
66b812c3-a27e-4ed6-ab8c-5ae0815e534a	2023-10-29 15:36:03.907074	2023-10-29 15:36:03.907074	09:15:00	09:30:00	LS5	161	SOLUBILITY ENHANCEMENT OF THE AHL LACTONASE (jsvC) IDENTIFYIED FROM DERMACCOCUS NISHINOMIYAENSIS	zoom	76ca41a4-5f7c-4a26-bce4-3aab3bdd048f
7af22ce7-ec9e-4816-a347-6ee6500fad48	2023-10-29 15:36:04.006084	2023-10-29 15:36:04.006084	09:15:00	09:30:00	LS6	173	EVALUATION OF THERMAL STABILITY OF NATURAL ANTIOXIDANTS EXTRACTED FROM EMBLICA OFFICINALIS SEED AND ANNONA MURICATA L. FRUIT PEEL AND SEED ON SENSORY PROPERTIES OF SPONGE CAKE	\N	59bfbb5f-4fbc-42f9-83e3-e03c6130d7c4
f6bac423-4eda-4d78-8645-a62af5c90aad	2023-10-29 15:36:04.397966	2023-10-29 15:36:04.397966	12:15:00	12:30:00	PS2	182	THICKNESS EFFECT ON THE PHYSICOCHEMICAL PROPERTIES OF ELECTRODEPOSITED ZnTe LAYERS	zoom	f310eeeb-7282-4549-ba69-ca4c654ffec1
2b9b154e-e701-4659-b47a-23fdce6ee3ad	2023-10-29 15:36:03.346809	2023-10-29 15:36:03.346809	14:45:00	15:00:00	ICTMS2	185	MODELING THE IMAGE QUALITY ON THE RETINA WITH VARIABILITY OF WAVEFRONT MEASUREMENTS	\N	b44bfcd0-03f1-420c-98f5-51afe508a679
ca833b35-212d-45da-9cb6-9f44a6713339	2023-10-29 15:36:03.667094	2023-10-29 15:36:03.667094	12:30:00	12:45:00	LS1	153	MORPHOMETRIC ANALYSIS OF GENUS PIPER (PIPERACEAE),  SRI LANKA	\N	c046bd73-93b6-4efd-91ab-61b847d27d3a
096539d8-b657-4216-9e55-bfda9484220b	2023-10-29 15:36:04.005646	2023-10-29 15:36:04.005646	09:30:00	09:45:00	LS6	175	DAILY DIETARY INTAKE OF TOTAL PHENOLICS AND TOTAL FLAVANOIDS FROM CONSUMPTION OF RICE (ORYZA SATIVA L.) VARIETIES COMMERCIALLY AVAILABLE IN SRI LANKA	\N	ca544bda-f722-4255-b2eb-7368560fc511
d473f5ff-5f9a-412a-939c-5d4fe5fa655e	2023-10-29 15:36:04.297026	2023-10-29 15:36:04.297026	12:00:00	12:15:00	PS1	155	ADSORPTIVE REMOVAL OF RHODAMINE B DYE FROM MAGNETIC MnFe2O4-MONTMORILLONITE NANOCOMPOSITE	\N	9064d567-fdac-433e-bbef-819b633e1838
1614e4ea-af78-4912-a7ad-0ac1d31de992	2023-10-29 15:36:03.46676	2023-10-29 15:36:03.46676	09:00:00	09:15:00	ICTMS3	156	TIME SERIES ANALYSIS FOR MODELING AND FORECASTING TEA EXPORTS IN SRI LANKA	\N	17c45698-0e04-4310-abc0-dfb95161e12d
24174125-e070-448c-b3ba-a3ddc058255f	2023-10-29 15:36:03.776625	2023-10-29 15:36:03.776625	15:15:00	15:30:00	LS3	176	CYTOKINE RESPONSES OF DIFFERENT CATEGORIES OF LYMPHATIC FILARIASIS PATIENTS IN GALLE DISTRICT,  SRI LANKA	\N	cdf48f29-46c0-491a-a5b3-1920481b8452
173c95c9-422e-49f0-a6f6-852cf71292e4	2023-10-29 15:36:03.786347	2023-10-29 15:36:03.786347	15:30:00	15:45:00	LS3	178	PANTALA FLAVESCENS (WANDERING GLIDER) AND CERIAGRION COROMANDELIANUM (YELLOW WAXTAIL) AS PREDATORS OF PREIMAGINAL STAGES OF AEDES AEGYPTI (DIPTERA: CULICIDAE) IN FRESH AND BRACKISH WATER HABITATS FROM JAFFNA,  NORTHERN SRI LANKA.	\N	5db50a8b-526e-4bc7-9572-adfd705ef810
7c7671d3-aac9-4be7-9533-2c439a36ec27	2023-10-29 15:36:03.337312	2023-10-29 15:36:03.337312	11:00:00	11:15:00	ICTMS1	188	AN APPLICATION OF GRAPH THEORY IN ASYMMETRIC KEY CRYPTOGRAPHY	\N	8f5b4ef1-d256-4b25-8e3a-20d55ae0419e
afd8e5ac-25ff-4553-a0b3-781c7c7f027b	2023-10-29 15:36:03.68702	2023-10-29 15:36:03.68702	12:15:00	12:30:00	LS2	192	IMPACT OF HABITAT TYPE AND FLORAL RESOURCE AVAILABILITY ON GROUND-NESTING BEE ESTABLISHMENT IN AN AGRO-NATURAL LANDSCAPE	\N	ec9dcb14-a42d-4fcd-9872-9de423a9af2e
f2b7d181-ced8-4562-bf5f-2a3390377b2d	2023-10-29 15:36:03.346824	2023-10-29 15:36:03.346824	12:00:00	12:15:00	ICTMS1	205	THE RAINBOW CONNECTION NUMBER OF THE EXTENDED VERSION OF SANDAT GRAPH	\N	768ccbc7-572c-4664-a8b0-55b50ea7619f
2cc8d1a1-4e1e-4988-ad80-e95c73bb61b8	2023-10-29 15:36:04.185911	2023-10-29 15:36:04.185911	13:30:00	13:45:00	LS9	98	KNIME AND MACHINE LEARNING BASED PREDICTION OF PDGFRA INHIBITORS FROM PHYTOCHEMICALS AS POTENTIAL CANCER DRUGS	\N	6657f9b8-0660-4374-9a63-d6107bc3f881
906971d5-8114-4f49-9a33-5d034546701b	2023-10-29 15:36:04.03624	2023-10-29 15:36:04.03624	11:15:00	11:30:00	LS7	114	EFFICACY OF THE INSECT GROWTH REGULATOR NOVALURON IN THE CONTROL OF DENGUE VECTOR MOSQUITOES	\N	dc02102d-289f-4eeb-a698-b211e2814edf
48d4760e-88a2-4141-b401-f841d1d32291	2023-10-29 15:36:03.696509	2023-10-29 15:36:03.696509	11:30:00	11:45:00	LS2	125	DIVERSITY OF ICHTHYO FAUNA AT THE UPPER NORTHERN BASIN OF THONDAMANARU LAGOON,  JAFFNA,  SRILANKA	\N	85affcc6-56ea-4844-8a09-89849720ed07
40ed07ae-1b40-484b-afad-d3b9389b7e18	2023-10-29 15:36:04.065521	2023-10-29 15:36:04.065521	11:30:00	11:45:00	LS7	127	CHARACTERISTIC WING VEIN PATTERNS OF COMMON MOSQUITO GENERA IN SRI LANKA, Bandaranayake	\N	3769eb50-2f86-432d-96e1-beaebbc94ae5
39899fb8-3ee3-4dd8-bdeb-1958fee94f40	2023-10-29 15:36:03.436439	2023-10-29 15:36:03.436439	08:00:00	08:15:00	ICTMS3	2	ASSESSING AGREEMENT BETWEEN TWO MEASUREMENT SYSTEMS USING REPLICATED SCALE MIXTURES OF SKEW-NORMAL MEASUREMENT ERROR MODELS WITH VARYING DEGREES OF FREEDOM	\N	dec8dc19-e161-475a-be92-79cda44a5090
ab47d591-c009-4264-aab2-7720d242a70f	2023-10-29 15:36:03.577261	2023-10-29 15:36:03.577261	11:30:00	11:45:00	LS1	39	TOXICITY OF HYLOCEREUS POLYRHIZUS SEEDS USING BRINE SHRIMP ASSAY	\N	29a53563-78b7-468c-a25a-dfdaa7bf9d4d
ff83023e-0317-4532-be9b-8082f3295cea	2023-10-29 15:36:03.816435	2023-10-29 15:36:03.816435	14:45:00	15:00:00	LS4	52	COMPARATIVE EVALUATION OF RT-PCR KITS AVAILABLE IN SRI LANKA FOR DIAGNOSIS OF SARS-CoV-2	\N	2646ff0c-20ff-40b1-ba54-bc8489e8b1ff
e8dc7d93-53f4-40d0-956b-55bb602a54e7	2023-10-29 15:36:03.866212	2023-10-29 15:36:03.866212	15:15:00	15:30:00	LS4	84	ANAPLASMOSIS IN DOGS: A REVIEW ON SOUTH AND SOUTH EAST ASIAN COUNTRIES	\N	07b12706-d8be-4c4e-91e9-e0926244da73
35830465-7705-4190-887b-c6c76f8d5d91	2023-10-29 15:36:04.346791	2023-10-29 15:36:04.346791	11:30:00	11:45:00	PS2	113	SOUND ABSORPTION PROPERTIES OF STUCTURES DEVELOPED USING WASTE MATERIALS	\N	b2331bb1-03ca-4cb1-a70a-d2577201c712
50e7c527-1133-45a6-aff2-aa1514f8d22b	2023-10-29 15:36:03.646095	2023-10-29 15:36:03.646095	12:15:00	12:30:00	LS1	123	BIOACTIVITY STUDIES OF SOLVENT EXTRACTS OF PIPER NIGRUM SEEDS	\N	b353f513-fefb-4851-9c95-eab71d9fb39d
25c73169-cdba-47c6-8059-b2eb0b7ed791	2023-10-29 15:36:03.966403	2023-10-29 15:36:03.966403	08:15:00	08:30:00	LS6	72	DETERMINATION OF GLYCAEMIC INDEX OF COCONUT (COCOS NUCIFERA) TREACLE AND ITS CONSUMPTION PATTERN AMONG THE UNDERGRADUATES IN A PRIVATE UNIVERSITY IN SRI LANKA.	\N	a4a08926-b0ab-4b4e-967a-b956b1c18c92
5ec368d9-051c-43ff-81ce-833f3f69ded5	2023-10-29 15:36:04.20594	2023-10-29 15:36:04.20594	14:15:00	14:30:00	LS9	101	IN SILICO SCREENING OF POTENTIAL DRUG CANDIDATES FOR AMINOGLYCOSIDE RESISTANCE IN BACTERIA AND DRUG SYNERGY PREDICTION, Sandunika	\N	7b9c86ba-69d4-4d39-8f4c-13e64e5f8893
f2424c22-381c-43cc-a02b-e7ac57b937b7	2023-10-29 15:36:04.15817	2023-10-29 15:36:04.15817	12:00:00	12:15:00	LS8	142	ISOLATION AND IDENTIFICATION OF A NOVAL AND EFFICIENT CELLULOSE DEGRADING FUNGAL SPECIES; Aspergillus nomius FROM SOIL SAMPLES	\N	a1348988-18ac-4eea-8543-1783b5f76a3b
c1c4416c-697e-4ee5-9921-bbd15110b3af	2023-10-29 15:36:03.545868	2023-10-29 15:36:03.545868	13:45:00	14:00:00	ICTMS5	12	A MEMETIC ALGORITHM FOR THE VEHICLE ROUTING PROBLEM WITH MOVING SHIPMENTS AT THE CROSS-DOCKING WAREHOUSE	\N	85bd26ea-d7c7-4159-8bf4-506b776e7749
6e796bb7-e50f-4309-be13-663d56168420	2023-10-29 15:36:03.925977	2023-10-29 15:36:03.925977	08:00:00	08:15:00	LS6	50	IN SILICO ANALYSIS OF KEY GLYCOSYL HYDROLASE GENE FAMILIES IN ASIAN COTTON (GOSSYPIUM ARBOREUM): INSIGHTS FOR ENHANCING COTTON GENETICS	\N	\N
a3d58910-2958-4c40-a9af-526318835a71	2023-10-29 15:36:04.105991	2023-10-29 15:36:04.105991	11:00:00	11:15:00	LS8	96	MANGROVE-ASSOCIATED KOCURIA FLAVA PUTS1_3 AS A POTENTIAL FUNC	\N	e967bfc5-5b70-4886-9861-4471abcdf515
572fe131-5233-43bd-9159-30931f7964fb	2023-10-29 15:36:04.106215	2023-10-29 15:36:04.106215	10:45:00	11:00:00	LS8	74	EFFICIENCY OF ENRICHED MICROBIAL CONSORTIA FROM DIFFERENT NATURAL SOURCES ON CONSOLIDATED BIOETHANOL PROCESSING COMPARED TO SEQUENTIAL FERMENTATION	\N	2c7436e7-eecd-4f7e-b5db-7297c292a05f
eb53527d-ca5f-44b6-8a0f-c2b3166ebfd2	2023-10-29 15:36:04.185996	2023-10-29 15:36:04.185996	13:45:00	14:00:00	LS9	99	IDENTIFICATION OF POTENTIAL HER2 INHIBITORS FROM PHYTOCHEMICALS USING COMPUTER-AIDED DRUG DESIGN	\N	d728a577-5b0b-450f-b639-ee1b96ae094e
9a761609-7376-41ee-ac2b-75367924c80f	2023-10-29 15:36:04.215804	2023-10-29 15:36:04.215804	14:45:00	15:00:00	LS9	116	IN SILICO DRUG DISCOVERY USING THE KNIME ANALYTICS PLATFORM TO IDENTIFY PHYTOCHEMICALS WITH VEGFR-2 INHIBITORY PROPERTIES	\N	d728a577-5b0b-450f-b639-ee1b96ae094e
0205e0a4-7c25-4fbb-b86d-218a087a6462	2023-10-29 15:36:03.985863	2023-10-29 15:36:03.985863	08:30:00	08:45:00	LS6	130	THE SALTOL LOCI FROM FL 478 WAS INCORPORATED TO ELITE VARIETY BG 352 BY MARKER-ASSISTED SELECTION IN RICE	\N	395f78dc-c892-4058-ab5d-ccab8eafa0ba
d6fb58e9-2ce4-45a3-969f-af44c4dca3f2	2023-10-29 15:36:03.577314	2023-10-29 15:36:03.577314	11:15:00	11:30:00	LS1	15	EVALUATION OF TOXICITY OF AQUEOUS EXTRACT OF HEMIDESMUS INDICUS R. BR. (IRAMUSU) USING BRINE SHRIMP ASSAY	\N	1639d2db-7d06-4b62-8617-d6834601a734
1350f94b-cdf7-4929-9283-2b14ca7f3e4b	2023-10-29 15:36:03.466284	2023-10-29 15:36:03.466284	11:30:00	11:45:00	ICTMS4	44	DECISION TREE ALGORITHMS TO DETERMINE GCE ORDINARY LEVEL STUDENT PERFORMANCE FACTORS INFLUENCING ENGLISH AS A SUBJECT	\N	0a09bb40-4358-4e44-a5fc-75c42ffd50da
a2dc8586-cd3e-4bcb-a8cc-04e32f6dc49d	2023-10-29 15:36:03.54585	2023-10-29 15:36:03.54585	14:00:00	14:15:00	ICTMS5	59	Fuzzy Inference System to Identify Disaster Risk Levels in Sri Lanka	\N	c51cf226-dc1e-4837-ba56-19dbf1dbc715
056a1e52-7b01-448b-b895-0dba6f018a73	2023-10-29 15:36:03.445095	2023-10-29 15:36:03.445095	08:15:00	08:30:00	ICTMS3	47	COMPARISON OF THE PREDICTIVE PERFORMANCE OF LIU BASED ESTIMATORS.	\N	f16ba8cc-ad89-4f19-b30a-af6c0b3eaf67
9846edf0-77aa-4b43-a6e7-711ab4e14139	2023-10-29 15:36:03.885531	2023-10-29 15:36:03.885531	08:00:00	08:15:00	LS5	108	"THE IMPACT OF INCLUSION BODY HEPATITIS (IBH) VIRUS ON IMMUNE ORGANS (BURSA OF FABRICIUS,  SPLEEN,  AND THYMUS) OF BROILER CHICKENS IN SRI LANKA."	zoom	1b0f7979-02c8-4eec-8373-3ac9236ce325
8f39c242-24a5-4055-8283-34e158bfc7a8	2023-10-29 15:36:03.876891	2023-10-29 15:36:03.876891	15:30:00	15:45:00	LS4	143	EVALUATION OF PRIMERS DESIGNED FOR NESTED PCR TO DETECT P2 CLADE OF LEPTOSPIRES CAUSE LEPTOSPIROSIS IN HUMANS AND ANIMALS	\N	fd8c8d5c-b724-4a05-934f-ad14422352a3
6f77193a-30df-40dd-bf4f-dc5bb5c02ac2	2023-10-29 15:36:04.29001	2023-10-29 15:36:04.29001	11:45:00	12:00:00	PS1	144	Electronically Conducting Donor Acceptor (D-A) type polymer synthesized using 3, 4-Ethylenedioxythiophene (EDOT) with Berberine isolated from Coscinium fenestratum	\N	03289787-c5cc-4aa2-b420-71fb3c80b7e8
ce44b7f7-36ee-42bf-a29c-495cf9e77019	2023-10-29 15:36:03.765458	2023-10-29 15:36:03.765458	14:45:00	15:00:00	LS3	26	EFFECT OF PHYSICOCHEMICAL PARAMETERS OF BREEDING WATER ON FITNESS OF DENGUE VECTOR MOSQUITOES	\N	cbedcde5-464c-4dcc-8430-34f8cfca13ee
f4466604-7a37-41dd-9249-8263db9cc516	2023-10-29 15:36:04.087299	2023-10-29 15:36:04.087299	11:45:00	12:00:00	LS7	157	MORPHOLOGICAL CHANGES IN EGGS AND LARVAE OF AEDES AEGYPTI ADAPTING TO SALINITY IN NATURE	\N	a6d6034d-0a3b-4630-874d-ec1a8d70a66c
415485a1-0bc2-46d4-a7b8-b5d5e0848d6c	2023-10-29 15:36:03.33728	2023-10-29 15:36:03.33728	11:30:00	11:45:00	ICTMS1	203	RELATIONSHIP BETWEEN THE KAUFFMAN BRACKET POLYNOMIALS OF TORUS KNOTS: (T_(3, 3n+1) ) AND (T_(3, 3n+2))	\N	5f5ff636-9633-4af2-a99c-9799ec310c3b
5e800990-5e9a-44dc-b620-69f6a64f7e48	2023-10-29 15:36:04.315286	2023-10-29 15:36:04.315286	12:30:00	12:45:00	PS1	160	Enhanced Semiconducting Properties in Co-MOF-74 Upon Encapsulation of Aniline Derivatives as Guest Molecules	\N	98634204-096a-42e7-9095-b0db96c24fd7
f0e05f59-40be-464c-9ed1-b8037880b7b9	2023-10-29 15:36:03.576835	2023-10-29 15:36:03.576835	11:45:00	12:00:00	LS1	46	REVIEW ON SRI LANKAN MEDICINAL PLANTS WITH POTENT TYROSINASE INHIBITORY ACTIVITY (A PRELIMINARY REVIEW)	\N	972acf7f-85f0-4969-b8c1-fcccc89b26a6
e5b5d7aa-4fd5-47eb-8211-a4343f9ad243	2023-10-29 15:36:03.577583	2023-10-29 15:36:03.577583	14:45:00	15:00:00	ICTMS5	85	A NEW METHOD USING THE GEOMETRIC MEAN TO SOLVE TETRAD FUZZY TRANSPORTATION PROBLEMS	\N	d553cf94-1294-4b80-8e66-2aeb3df07c08
912b5497-26a9-4ada-ab0a-0a71bf628b6d	2023-10-29 15:36:03.996741	2023-10-29 15:36:03.996741	08:45:00	09:00:00	LS6	136	GENOTYPING,  AND PHENOTYPING OF SELECTED RICE GERMPLASM FOR BLAST DISEASE RESISTANCE UNDER LOCAL CONDITIONS	\N	d0add45a-e474-4430-b63c-cccb81d04b0d
87602741-912b-4ec8-9025-f48af43e7487	2023-10-29 15:36:03.687011	2023-10-29 15:36:03.687011	14:00:00	14:15:00	LS3	10	CUTICLE THICKNESS OF LARVAE OF PYRETHROID RESISTANT CULEX QUINQUEFASCIATUS MOSQUITOES IN SRI LANKA	\N	6e93b394-b5b1-40f9-a9d9-3c73053080ac
52e372f0-096e-45fb-9a8a-10e70e54089f	2023-10-29 15:36:03.466688	2023-10-29 15:36:03.466688	11:15:00	11:30:00	ICTMS4	25	ENSEMBLE LEARNING APPROACH FOR YOUTUBE VIDEOS CLASSIFICATION BASED ON THEIR QUALITY	\N	4bdba634-1c6f-4ec0-a361-2049ba1f85d0
0cff047d-15a6-4b5a-9703-d7f5103a1fe5	2023-10-29 15:36:03.896793	2023-10-29 15:36:03.896793	08:30:00	08:45:00	LS5	42	HIGH QUALITY GENOME FOR AUSTRALIAN FINGER LIME	zoom	8391d95b-fd30-436c-bc07-068177ef5f45
065fb533-0b95-40c7-a0f2-a77c4d613e28	2023-10-29 15:36:03.67617	2023-10-29 15:36:03.67617	11:15:00	11:30:00	LS2	88	CHALLENGES IN CONTROLLING INSECT PESTS OF STORED GRAIN PRODUCTS IN SRI LANKA: INSIGHTS INTO INSECTICIDE METABOLIZING ENZYMES AND TARGET-SITE ALTERATIONS	\N	3a32503b-2afa-4b61-8dc4-fac94a95f745
91ad5dce-9491-4a18-9766-bc96c59097d6	2023-10-29 15:36:03.896777	2023-10-29 15:36:03.896777	08:45:00	09:00:00	LS5	97	VIABILITY OF PROBIOTIC BACTERIA INHABITING TENDER COCONUT WATER UNDER ARTIFICIAL SALIVA AND SIMULATED GASTROINTESTINAL JUICE CONDITIONS	zoom	a786d031-6f2e-402e-a159-7292e12cbb6a
2640c35d-29ee-4736-8299-82993ba57b80	2023-10-29 15:36:03.577317	2023-10-29 15:36:03.577317	12:00:00	12:15:00	LS1	117	BIOACTIVITY STUDIES OF ALPINIA CALCARATA AND GLORIOSA SUPERBA LEAVES EXTRACTS	\N	942c0b3b-4ba5-4781-96b4-d74ccc26293f
bd5e6584-eb4b-498b-89ee-171c4bd306e8	2023-10-29 15:36:03.696373	2023-10-29 15:36:03.696373	11:45:00	12:00:00	LS2	138	Microplastics contamination in Indian backwater oysters (Magallana bilineata) in the Panadura estuary,  Sri Lanka.	\N	2e805b82-b9e7-4204-afac-1e71410ff9bf
8c588d22-9522-417f-9e29-f5b5b3d902ac	2023-10-29 15:36:04.006117	2023-10-29 15:36:04.006117	09:00:00	09:15:00	LS6	141	CALMODULIN-BINDING TRANSCRIPTION ACTIVATOR (CAMTA) GENES IN SOYBEAN AND THEIR EXPRESSION ANALYSIS	\N	f61a173b-e8bc-44c2-bf59-b576139c016f
5f5bb7f5-6891-41f5-8eba-3d2a80a98e9e	2023-10-29 15:36:03.786196	2023-10-29 15:36:03.786196	14:00:00	14:15:00	LS4	21	CULTURALLY RELEVANT PAIN COPING SKILLS GROUP INTERVENTION FOR CHRONIC KNEE OSTEOARTHRITIS PAIN: DELPHI CONSENSUS	\N	2d14015f-61b9-4853-81a6-d48c57e9a163
cd415f61-42a0-4bae-8bd4-fe980aec670e	2023-10-29 15:36:03.806338	2023-10-29 15:36:03.806338	15:00:00	12:03:00	LS4	82	ASSESSMENT OF RETAINED MICROFLORA AND THE PRESENCE OF HUMAN DNA ON USED TOOTHBRUSHES USING PCR	\N	eb94c8b2-45f2-41e2-a57c-dc461c5add3b
73d90c20-e95f-454a-a145-0b71a9e80d96	2023-10-29 15:36:03.466067	2023-10-29 15:36:03.466067	08:45:00	09:00:00	ICTMS3	146	AN ANALYSIS ON SELECTED VARIABLES INFLUENCING CESAREAN SECTION OF PREGNANT MOTHERS ADMITTED IN THE AMPARA GENERAL HOSPITAL	\N	47f34727-e6e1-4cb1-81f2-5ba7075c503e
45c1fb07-000a-43a3-95bb-c13f4f9502d9	2023-10-29 15:36:03.907103	2023-10-29 15:36:03.907103	09:30:00	09:45:00	LS5	170	"IDENTIFICATION OF BACTROCERA DORSALIS AND B. KANDIENSIS VIA PCR-RFLP,  ASSESSED TRAINING AND TEST DATA"	zoom	8a4e8fc5-5b01-46ca-b35e-ce9edca7c49c
17699da0-aa84-4662-8775-6d42430c063d	2023-10-29 15:36:03.346424	2023-10-29 15:36:03.346424	11:15:00	11:30:00	ICTMS1	193	CHARACTERIZATION OF A CLASS OF INNER TORAL POLYNOMIALS VIA BLASCHKE PRODUCTS	\N	446a774a-12c9-4c1a-a055-c9468a2bb6fe
eeabd9ca-4cd5-4802-9ef8-9bce3b96de54	2023-10-29 15:36:03.796434	2023-10-29 15:36:03.796434	14:15:00	14:30:00	LS4	43	PRELIMINARY STUDY OF USE OF FRACTIONS ISOLATED FROM CRUDE LYSATE OF Leishmania IN SEROLOGY AND ANALYSIS OF CLINICAL EPIDEMIOLOGICAL DATA	\N	d66132ab-d905-43af-b9ad-cd56e8bd8967
4b87da3e-d287-4d5c-b04e-92e71de9f388	2023-10-29 15:36:03.796434	2023-10-29 15:36:03.796434	14:30:00	14:45:00	LS4	49	CUTANEOUS LEISHMANIASIS: AWARENESS OF PUBLIC ABOUT THE DISEASE AND THE VECTOR IN SRI LANKA	\N	ae101f17-36b6-4b68-9528-1bf5e183f188
5566aeea-5242-4317-8416-d82c6e9a8edb	2023-10-29 15:36:04.036328	2023-10-29 15:36:04.036328	11:00:00	11:15:00	LS7	87	POTENTIAL USE OF THE JELLYFISH Acromitus flagellatus VENOM AS A BIOINSECTICIDE AGAINST RICE WEEVIL,  Sitophilus oryzae (L.) (COLEOPTERA: CURCULIONIDAE)	\N	bd5e5774-48cb-4f3e-9305-b4661aa6a44b
de2d4f07-f920-46a7-8ad4-5eecd5e242d2	2023-10-29 15:36:03.907057	2023-10-29 15:36:03.907057	09:00:00	09:15:00	LS5	103	IN VITRO ASSAY OF ANTIOXIDANT POTENTIAL AND TOTAL PHENOLIC CONTENT OF PROBIOTIC LACTOBACILLUS DELBRUECKII SUBSP. INDICUS STRAINS ISOLATED FROM TRADITIONAL SRI LANKAN BUFFALO CURD.	zoom	07375f57-cdd6-4504-8b91-a6367893a032
8aa34e70-161b-49db-a54a-7fdc6f32747c	2023-10-29 15:36:03.346129	2023-10-29 15:36:03.346129	14:00:00	14:15:00	ICTMS2	53	EXPLICIT FINITE DIFFERENCE METHOD FOR THE VALUATION OF AMERICAN PUT OPTION USING LOGARITHMIC FRONT FIXING TRANSFORMATION	\N	6a18fedf-38dc-41a4-a562-d4f80b4e2f20
ad69280a-7b21-4ea3-adca-c1885d1fb2ce	2023-10-29 15:36:03.577353	2023-10-29 15:36:03.577353	14:30:00	14:45:00	ICTMS5	80	THE ROLE OF BILINGUALISM IN THE REVIVAL OF A DEAD LANGUAGE: MANX IN ISLE OF MAN	\N	e6ba4122-1763-4e64-9367-59efcb416d5e
f08b8baa-3f1d-45ed-99c8-01fdd3e2e2e5	2023-10-29 15:36:04.196254	2023-10-29 15:36:04.196254	14:00:00	14:15:00	LS9	100	A COMPUTATIONAL APPROACH TO IDENTIFY BETA-LACTAM LIKE COMPOUNDS FROM PHYTOCHEMICALS, Gunathilaka	\N	61b0af5d-c157-4e10-87e7-0bd85af4f8ec
578bc5f3-513e-4f03-aadc-117d5c584e33	2023-10-29 15:36:03.466322	2023-10-29 15:36:03.466322	08:30:00	08:45:00	ICTMS3	106	GENERALIZED LAMBDA DISTRIBUTION BASED QUANTILE REGRESSION MODEL TO ANALYZE THE EXCHANGE RATE MOVEMENTS IN SRI LANKA	\N	01d3978b-2103-4599-80ef-ea33f9c1b34c
61ada611-0b07-43d7-8976-240872796777	2023-10-29 15:36:03.696348	2023-10-29 15:36:03.696348	14:15:00	14:30:00	LS3	11	MOSQUITOCIDAL POTENTIAL OF ETHANOLIC ALLIUM SATIVUM (GARLIC) EXTRACTS AGAINST AEDES AND CULEX MOSQUITO LARVAE IN SRI LANKA	\N	c9829c34-f8d5-4298-a022-93f1e804ea81
bb80e431-d92e-43f6-a542-e30d2deb2d20	2023-10-29 15:36:04.026899	2023-10-29 15:36:04.026899	10:45:00	11:00:00	LS7	33	PESTICIDAL ACTIVITY OF CRUDE SOLVENT EXTRACTS OF PODS AND LEAVES OF PSOPHOCARPUS TETRAGONOLOBUS (WINGED BEANS) AGAINST BLACK APHIDS	\N	9ed7cb3f-b413-46ab-a2d4-f0788b22015a
759e7adb-ba47-4e55-84f4-fab961618671	2023-10-29 15:36:04.129045	2023-10-29 15:36:04.129045	11:30:00	11:45:00	LS8	121	ANTIOXIDANT ACTIVITY OF ENDOPHYTIC FUNGI ISOLATED FROM LEAVES OF CITRUS AURANTIIFOLIA	\N	ae650013-104f-4d31-a4d5-369fc60e2db6
7a5480e1-5e0a-4122-8cf0-3ed8cf670e2f	2023-10-29 15:36:04.137195	2023-10-29 15:36:04.137195	11:45:00	12:00:00	LS8	129	PEST AND DISEASE MANAGEMENT STRATEGIES USED BY VEGETABLE GROWERS IN THE CENTRAL PROVINCE OF SRI LANKA: A SURVEY	\N	1338cef6-db1a-4f68-8c2b-ba2180e9b991
681c85f6-54e7-4406-ba5a-a0eb2b07d26a	2023-10-29 15:36:04.236517	2023-10-29 15:36:04.236517	11:00:00	11:15:00	PS1	18	Ti/TiO2 SHOTCKY JUNCTION AND HIGHLY PHOTOACTIVE Sb2S3 PHOTOANODE FOR SOLAR WATER SPLITING	\N	a0e81160-22a6-43c5-8556-9bebea3d686b
4bd647bd-137b-4b64-bccb-3c05b0506f9f	2023-10-29 15:36:03.586247	2023-10-29 15:36:03.586247	11:00:00	11:15:00	LS1	5	ETHNOBOTANY OF MEDICINAL PLANTS IN TREATING DIABETES MELLITUS AMONG INDIGENOUS MEDICAL PRACTITIONERS IN JAFFNA,  SRI LANKA	\N	c4de18f8-d9e9-4b8d-965f-7bff6d893467
68ee9b4e-6f1b-4f0c-9f31-8d233c1079c7	2023-10-29 15:36:04.01693	2023-10-29 15:36:04.01693	10:30:00	10:45:00	LS7	4	DISTRIBUTION OF THE CRITICALLY ENDANGERED AXIS PORCINUS (HOG DEER) (ZIMMERMANN,  1780) IN GALLE DISTRICT,  SRI LANKA	\N	08178e93-40f7-4be8-8aeb-0d509dfc4277
44a173a6-81c8-4970-95c1-b93a0482864f	2023-10-29 15:36:03.466364	2023-10-29 15:36:03.466364	11:45:00	12:00:00	ICTMS4	110	COMBINING FASTTEXT EMBEDDINGS WITH NEURAL NETWORKS FOR SHORT TEXT CLASSIFICATION	\N	f9879691-9b58-440a-9859-c1a30d64842b
a66ae66b-808d-4408-aa8b-e7434d164d05	2023-10-29 15:36:04.346746	2023-10-29 15:36:04.346746	11:45:00	12:00:00	PS2	119	THE ENHANCEMENT OF THERMOELECTRIC PROPERTIES OF COPPER IODIDE THROUGH DOPING	\N	2f4f70e5-6a7d-463f-b3a8-627a2fc01bdd
5d801a48-0cac-4d79-9e9f-46c9252e99e5	2023-10-29 15:36:04.356984	2023-10-29 15:36:04.356984	12:00:00	12:15:00	PS2	122	SELECTIVE REDUCTION OF GRAPHENE OXIDE DEPOSITED ON HEAT-SENSITIVE SUBSTRATES	\N	d332df91-dc3c-4479-88ab-b66c13ff71c7
83bb1f1e-2d16-4e8b-9955-d77a076f5c9c	2023-10-29 15:36:04.457037	2023-10-29 15:36:04.457037	15:00:00	15:15:00	PS3	132	ANTIDIABETIC AND ANTIOBESITY POTENTIAL OF OLEANOLIC ACID DERIVATIVES	\N	c23f9e60-a320-4c59-b21d-f12c93964095
a06f96cb-171d-47eb-acd8-492915450186	2023-10-29 15:36:04.337342	2023-10-29 15:36:04.337342	11:00:00	11:15:00	PS2	23	A NANOGRAVIMETRIC APPROACH TO STUDY THE PHOTOCATALYTIC ACTIVITY OF NANO TITANIA THIN FILMS	\N	6fda0bc5-aafa-408f-b33b-e3b0b180c296
2126ae80-27d3-4537-9323-476eb01dc5ca	2023-10-29 15:36:04.416004	2023-10-29 15:36:04.416004	14:00:00	14:15:00	PS3	24	ASSESSMENT OF CYTOTOXICITY OF SELECTED EDIBLE LEAFY PLANTS OF SRI LANKA	\N	569fc049-63af-45cb-a03d-ccdf46dbc269
5a7ec80e-4b1c-41c4-bae2-0055130fcfe0	2023-10-29 15:36:04.425954	2023-10-29 15:36:04.425954	14:15:00	14:30:00	PS3	31	DETERMINATION OF CYTOTOXICITY OF DIFFERENT SOLVENT EXTRACTS OF SOFT STEMS OF DIFFERENT BANANA (Musa sp.) CULTIVARS	\N	c5da1a51-b160-4c42-bd9c-a65471678d7a
f0c902bb-8830-4823-abac-c59af24a2bdb	2023-10-29 15:36:03.566005	2023-10-29 15:36:03.566005	14:15:00	14:30:00	ICTMS5	73	MANUFACTURERS AND BUYERS INTEGRATED PRODUCTION INVENTORY MODEL WITH BETTER SYNCHRONIZATION	\N	e6a43702-3678-4054-aa7f-edad5e0867e0
72f0756a-e221-4ae4-83d2-7fa8e615d57a	2023-10-29 15:36:03.786161	2023-10-29 15:36:03.786161	15:00:00	12:03:00	LS3	79	EFFECT OF PH ON THE GROWTH AND DEVELOPMENT OF IMMATURE STAGES OF DENGUE VECTOR MOSQUITOES; AEDES ALBOPICTUS	\N	33718754-73e1-4d4c-8230-645bb564014e
3f0747c3-56b3-4d7c-a258-796a647d6b34	2023-10-29 15:36:04.457481	2023-10-29 15:36:04.457481	14:45:00	15:00:00	PS3	126	ANTI-OBESITY EFFECTS OF A POLYHERBAL MIXTURE	\N	f79d0a89-3fa3-4e78-9c24-4115bd45ad70
99ed86b6-09d3-4067-a71c-150ab3c694d8	2023-10-29 15:36:03.667185	2023-10-29 15:36:03.667185	11:00:00	11:15:00	LS2	57	FIRST MOLECULAR PHYLOGEOGRAPHIC AFFINITIES OF SAW-SCALED VIPER OF THE GENUS ECHIS (SERPENTES: VIPERIDAE) FROM SRI LANKA	\N	bce1cb32-996b-4b4b-a68d-5d429c61a398
8b8e5c5a-59af-425d-8e64-3f41d2b4e71a	2023-10-29 15:36:04.458084	2023-10-29 15:36:04.458084	14:30:00	14:45:00	PS3	83	DETERMINATION OF PHENOLIC CONTENT AND ANTIOXIDANT POTENTIAL OF A NUTRIENT SUPPLEMENT DEVELOPED USING SELECTED LOCAL GRAIN VARIETIES	\N	71404068-13b1-4876-9e04-846a27ea4896
40e7e007-88cc-4e1f-9e73-e6ae1ea70382	2023-10-29 15:36:03.356077	2023-10-29 15:36:03.356077	14:15:00	14:30:00	ICTMS2	140	CONVERGENCE OF FINITE DIFFERENCE METHOD FOR AGE-STRUCTURED TWO-SEX POPULATION DYNAMICS MODEL FOR THALASSEMIA TRANSMISSION	\N	\N
e8a38d86-2afb-4f2f-b7c8-5f7783ab1c75	2023-10-29 15:36:04.106219	2023-10-29 15:36:04.106219	10:30:00	10:45:00	LS8	45	IN VITRO SCREENING OF ANTAGONISTIC ACTIVITY OF SOME BACTERIAL ISOLATES AGAINST Colletotrichum sp. CAUSING ANTHRACNOSE DISEASE IN TOMATO	\N	\N
6788da8a-6bc3-49b6-833f-9140be4a0dfa	2023-10-29 15:36:04.406825	2023-10-29 15:36:04.406825	12:45:00	01:00:00	PS2	196	Synthesis of Sb2Te3 nanoparticles by a cost-effective hydrothermal technique and its photodetector applications.	zoom	\N
d95bbc4e-b644-4feb-b752-be6e9301cfbf	2023-10-29 15:36:04.127764	2023-10-29 15:36:04.127764	11:15:00	11:30:00	LS8	111	Screening of fungal species isolated from different soil samples for extracellular lipase production	\N	72ccbfc9-e6a0-43da-87dd-bf4d8a8cb01a
2c790129-c646-448e-89d8-40c80110d40e	2023-10-29 15:36:04.9885	2023-10-29 15:36:04.9885	14:15:00	14:30:00	EES5	95	A PRELIMINARY INVESTIGATION ON THE QUALITY OF MUNICIPAL COMPOST	\N	0da6a070-a1e4-4aa3-ad20-95486cfcb17b
96fda066-cdaa-47e4-831c-21e69e9d95c9	2023-10-29 15:36:04.666947	2023-10-29 15:36:04.666947	14:45:00	15:00:00	PS6	115	PREPARATION AND CHARACTERIZATION OF COCONUT SHELL ACTIVATED CARBON BLACK FOR ELECTROPHOTOGRAPHY TONER APPLICATION	\N	060559f7-5b41-4d02-8155-53d0ccec4025
e63bbf8b-c3cc-4f59-98a3-0418d73ef8f8	2023-10-29 15:36:04.458139	2023-10-29 15:36:04.458139	15:30:00	15:45:00	PS3	139	ANTIOXIDANT ACTIVITY COMPARISON OF COMMON DIFFERENT CURRY LEAVES VARIETIES IN SRI LANKA	\N	4c7309f5-9f2e-490b-9f76-c725f2b2c359
6727907c-c7d6-4cc7-b420-44626b145504	2023-10-29 15:36:04.566881	2023-10-29 15:36:04.566881	08:00:00	08:15:00	PS5	8	DEVELOPMENT OF AN ELECTRIC VEHICLE FOR THE DIFFERENTLY ABLED WITH SOLAR ASSIST	\N	9383fe73-3d8d-4578-8249-793df147fe11
17d04523-5502-4700-9f8d-d09290d5bca6	2023-10-29 15:36:04.766767	2023-10-29 15:36:04.766767	14:15:00	14:30:00	EES2	107	PREVALENCE OF ANTIBIOTIC RESISTANCE BACTERIA ALONG THE MAHAWELI RIVER SEGMENT BETWEEN KOTAGALA AND BALAGOLLA	\N	05e4711e-3538-4a16-9f22-a86be76980d9
0d05ba99-7ebd-48cb-a08b-920eabaccfac	2023-10-29 15:36:04.877172	2023-10-29 15:36:04.877172	09:00:00	09:15:00	EES3	145	MICROPLASTIC POLLUTION IN DONDRA LAGOON,  SOUTHERN COAST OF SRI LANKA; INFLUENCE ON HABITAT AND FEEDING MODE OF SELECTED FISH SPECIES	\N	56d401be-caf4-41c9-8306-74c6cfca396c
49addc1e-0488-409f-a462-5637cc4d06fb	2023-10-29 15:36:05.0873	2023-10-29 15:36:05.0873	12:00:00	12:15:00	SE1	186	EFFECTIVENESS OF TRADITIONAL AND SKILL ORIENTED TEACHING AND ASSESSMENT TO ENHANCE GENERIC SKILLS IN CHEMISTRY IN JUNIOR SECONDARY SCHOOL: A CASE STUDY IN CENTRAL PROVINCE,  SRI LANKA	\N	bebe1fe5-db94-4858-9526-094b335beeb0
5f1bfe9a-82f2-4e66-9b13-02856ffc21b8	2023-10-29 15:36:04.676089	2023-10-29 15:36:04.676089	15:30:00	15:45:00	PS6	183	Synthesise of Activated Carbon Titanium Dioxide-Based Composite from Coconut Shell for Optimized and Cost-Effective Supercapacitors	\N	\N
52295fbd-9e78-4ac8-b22e-73e81e9420e1	2023-10-29 15:36:05.106541	2023-10-29 15:36:05.106541	14:30:00	14:45:00	SE2	16	EFFECTIVENESS OF INTEGRATING STEM EDUCATION IN TO SCIENCE TEACHING AND LEARNING PROCESS	\N	\N
d542918d-b661-426f-9123-ac5124e46edd	2023-10-29 15:36:04.897233	2023-10-29 15:36:04.897233	10:30:00	10:45:00	EES4	3	SPATIAL MULTI-CRITERIA EVALUATION (SMCE) MODEL FOR LANDSLIDE HAZARD ZONATION USING GEOGRAPHIC INFORMATION SYSTEM (GIS) - A STUDY FROM KANDY DISTRICT	\N	29a3a853-8360-4e93-a652-f01674bfd1f2
9bd23d6c-037a-4c70-bc7a-1f55c5a731fc	2023-10-29 15:36:04.785639	2023-10-29 15:36:04.785639	14:45:00	15:00:00	EES2	128	THE ROLE OF PHYSICAL CHARACTERS IN CHANGING THE ABUNDANCE OF CRITICALLY ENDANGERED,  POINT ENDEMIC PETHIYA BANDULA	\N	210aea01-e71c-4a98-a53f-2973c2ff4591
9de548be-f26e-4ed9-8eb1-7bc098319780	2023-10-29 15:36:04.456945	2023-10-29 15:36:04.456945	15:15:00	15:30:00	PS3	134	Comparative study on nutritional components and antioxidant activities of a local wild grape variety,  Ampelocissus indica (L.) Planch and a commercial grape variety,  Vitis vinifera L.	\N	28a4fae5-6aaa-47c7-987c-87c7d23fa51e
5c691c98-4267-484d-b785-a34859474e2c	2023-10-29 15:36:05.006403	2023-10-29 15:36:05.006403	14:45:00	15:00:00	EES5	169	SOFT TEMPLATE-LESS ASSEMBLY OF A SHEATH OF NANOSTRUCTURED POLYANILINE ON LIGNOCELLULOSIC COIR FIBER: AN APPROACH TO A POROUS COMPOSITE SYNTHESIS BY IN-SITU POLYMERIZATION	\N	17c8ce15-07e6-4744-ae9a-2906b619b7e3
886fb4bd-0bd5-4b93-9f91-38842c139c08	2023-10-29 15:36:04.576507	2023-10-29 15:36:04.576507	08:30:00	08:45:00	PS5	150	OPTIMIZATION OF EFFICIENCY IN DYE-SENSITIZED SOLAR CELLS BY THE INFUSION OF GRAPHENE TO PHOTOANODE	\N	d0d20317-28d3-4d65-936d-d08001492efc
601b915b-2f11-4144-954c-6339f001f8ff	2023-10-29 15:36:04.74559	2023-10-29 15:36:04.74559	12:30:00	12:45:00	EES1	37	CARBON FOOTPRINT OF SRI LANKAN TEA SECTOR	\N	db3acff5-e8cf-4645-b84d-011cb4112fd1
f2e9ebe5-0697-4891-a197-f7f107001ea7	2023-10-29 15:36:04.856118	2023-10-29 15:36:04.856118	08:15:00	08:30:00	EES3	68	ASSESSMENT OF SOIL BACTERIAL DIVERSITY IN ORGANIC AND CONVENTIONAL AGROECOSYSTEMS VIA HIGH THROUGHPUT SEQUENCING	\N	954fb6d6-4f13-4ebc-b969-3fc5d5213415
c05248c9-e590-4bd0-bc32-f2e68bed2a77	2023-10-29 15:36:05.087106	2023-10-29 15:36:05.087106	11:30:00	11:45:00	SE1	104	IMPACT OF SOCIAL ISOLATION ON MENTAL HEALTH,  SOCIAL INTERACTIONS,  AND ACADEMIC PERFORMANCE AMONG ADOLESCENTS DURING COVID-19 PANDEMIC	\N	33718754-73e1-4d4c-8230-645bb564014e
04e6ad09-40e4-489d-836c-b353bb53b532	2023-10-29 15:36:04.966686	2023-10-29 15:36:04.966686	13:30:00	13:45:00	EES5	62	EVALUATION OF DIFFERENT SUBSTRATES FOR HYDROLYSIS AND SUBSEQUENT METHANOGENESIS IN THE ANAEROBIC REACTOR	\N	ea3c580a-60e7-461f-b1a5-652fe940393b
ffaf3105-a1e9-46cf-ad9b-6bba6c01f591	2023-10-29 15:36:04.506748	2023-10-29 15:36:04.506748	14:30:00	14:45:00	PS4	77	CHARACTERIZATION OF SEED OILS OF FOUR GARCINIA SPECIES TO ASSESS POTENTIAL APPLICATIONS IN COSMETICS AND DIETARY SUPPLEMENTS	\N	1ef0dfb9-8453-4bb5-8076-666844ae4667
e30606f7-4557-4873-b9b5-d9a7476ff438	2023-10-29 15:36:04.62581	2023-10-29 15:36:04.62581	09:30:00	09:45:00	PS5	201	PERFORMANCE ENHANCEMENT IN ULTRATHIN CIGS SOLAR CELLS USING PLASMONIC NANOPARTICLES – A FINITE DIFFERENCE TIME DOMAIN ANALYSIS APPROCH	zoom	6833258e-8da3-4240-a1f8-86e3a175c219
a3eafeb1-ac0d-42e5-8710-7ec64e3d48f5	2023-10-29 15:36:04.506387	2023-10-29 15:36:04.506387	14:15:00	14:30:00	PS4	56	MULTI-TARGET INHIBITORY ACTIVITY OF Salicornia brachiata AND Suaeda maritima SEED ON &alpha;-AMYLASE,  TYROSINASE AND LIPASE	\N	ee1ee858-0193-49d0-84d5-2aead00956da
6767cdad-c1ff-46fe-a043-4f41cb7a32b1	2023-10-29 15:36:04.716069	2023-10-29 15:36:04.716069	11:45:00	12:00:00	EES1	9	PLASTIC DEGRADATION INTO SECONDARY MICROPLASTICS IN COASTAL AREAS AFFECTED BY THE MV X-PRESS PEARL MARITIME DISASTER	\N	878cb50e-af23-49b2-85be-e373ea448c07
ffda2516-b131-4fba-aebb-a01283591cee	2023-10-29 15:36:05.139202	2023-10-29 15:36:05.139202	14:45:00	15:00:00	SE2	17	THE IMPACT OF SCHOOL RESOURCES ON PERFORMANCE OF STUDENTS’ G.C.E. (ORDINARY LEVEL) MATHEMATICS	\N	5049c4be-53cd-4cef-b12b-baf4244a1c98
1ea84c7e-3b33-40d6-a8d4-7fcbeb633a23	2023-10-29 15:36:04.915804	2023-10-29 15:36:04.915804	10:45:00	11:00:00	EES4	63	THE ANCIENT TANK CONSTRUCTION TECHNOLOGY IN NORTH CENTRAL DRY ZONE OF SRI LANKA: HYDRO-ECOLOGICAL ASSESSMENT	\N	93e8c2b9-5ea9-40b8-9bcf-a53c2ba68a8f
4b9c0c9c-733b-4af5-ab31-86a99274d161	2023-10-29 15:36:04.816923	2023-10-29 15:36:04.816923	15:15:00	15:30:00	EES2	159	QUALITY OF DRINKING WATER AND IT’S POSSIBLE HEALTH IMPACTS ON THE COMMUNITY IN WILGAMUWA AREA	\N	0549b160-3779-4743-b27e-697f1d6b10ef
f3062013-5826-4188-bb3a-0b20dca33ff0	2023-10-29 15:36:04.616672	2023-10-29 15:36:04.616672	09:00:00	09:15:00	PS5	197	CeO2/MnO2 Composite Material for Asymmetric Supercapacitor Applications	zoom	a45baf4b-4b51-4515-ac15-c86f2641025a
0543e25f-534b-4da4-a8e8-9cab35c1baa2	2023-10-29 15:36:05.02799	2023-10-29 15:36:05.02799	15:00:00	15:15:00	EES5	200	SYNTHESIS OF CERIUM OXIDE NANOPARTICLES BY HYDROTHERMAL METHOD AND INVESTIGATION OF THEIR ANTIBACTERIAL ACTIVITIES	zoom	852c9766-d58c-4996-8709-d75e015dacff
92f9c7ce-66a8-47de-9964-9c9b28de953f	2023-10-29 15:36:04.726472	2023-10-29 15:36:04.726472	12:00:00	12:15:00	EES1	19	POTENTIAL FOR PROMOTING AVITOURISM IN SELECTED HABITATS,  MULLAITIVU DISTRICT,  SRI LANKA	\N	a9f1cd3b-ed40-4c27-bd3b-1efc983bf86a
d43794ad-16d3-4d1c-88ec-3379df587dcf	2023-10-29 15:36:05.045948	2023-10-29 15:36:05.045948	10:45:00	11:00:00	SE1	30	THE EFFECT OF INTRINSIC MOTIVATION IN SCIENCE ON SCIENCE ASPIRATIONS IN GRADE 11 STUDENTS IN DEHIOWITA EDUCATION ZONE	\N	e7b306c9-e0cb-4c07-84ea-b2f35ad063af
ee95fa1f-5217-4c17-89d8-ff99f92684c2	2023-10-29 15:36:05.156147	2023-10-29 15:36:05.156147	15:00:00	15:15:00	SE2	28	IMPROVING ATTENDANCE TO THE SCHOOL OF GRADE EIGHT BY ENHANCING COMPETENCE,  AUTONOMY SUPPORT AND RELATEDNESS THROUGH SCIENCE ACTIVITIES: AN ACTION RESEARCH	\N	e7b306c9-e0cb-4c07-84ea-b2f35ad063af
c29de1db-3998-4b1e-9ef4-af58f19d0834	2023-10-29 15:36:04.936755	2023-10-29 15:36:04.936755	11:00:00	11:15:00	EES4	124	GROSSULAR-GARNET BEARING CALC-SILICATE FROM KAMBURUPITIYA,  SOUTHERN HIGHLAND COMPLEX,  SRI LANKA: IMPLICATIONS FOR ITS PETROLOGICAL AND GEOCHEMICAL SIGNATURES	\N	a42ab329-28a8-4fe3-a4df-afc1e3bc97dc
135d8fd5-b2dd-45d0-b8a8-5701cbac70d0	2023-10-29 15:36:04.507918	2023-10-29 15:36:04.507918	14:00:00	14:15:00	PS4	32	RAPID SYNTHESIS OF PHYTOGENIC SILVER NANOPARTICLES MEDIATED BY PUMPKIN BYPRODUCTS AND EVALUATION OF THEIR ANTIOXIDANT POTENTIAL	\N	d79e8204-ef7f-4872-bf3b-04939ec808b5
3ebaabe5-9b82-4bfa-8a51-d001e048fce5	2023-10-29 15:36:04.618471	2023-10-29 15:36:04.618471	09:15:00	09:30:00	PS5	198	HYDROTHERMAL SYNTHESIS OF HGTE THIN FILM FOR POSSIBLE APPLICATIONS IN THE DEVLOPMENT OF CDTE SOLAR CELLS.	zoom	5704789d-c24b-439e-864a-840d4eaf3373
d769be4b-e26e-42fd-8975-d9886c8d4a8f	2023-10-29 15:36:04.827066	2023-10-29 15:36:04.827066	15:30:00	15:45:00	EES2	165	DOES SHELF LIFE AFFECT THE LEVEL OF MICROPLASTICS IN BOTTLED WATER	\N	bc534ef2-f135-4b05-93e7-e43fd13e7a0c
2b49dafa-18ae-4b29-bd05-330d31e0f5eb	2023-10-29 15:36:05.046012	2023-10-29 15:36:05.046012	10:30:00	10:45:00	SE1	29	ENHANCEMENT OF LOW ACHIEVING STUDENTS’ PERFORMANCE IN A 1AB SCHOOL IN DEHIOWITA EDUCATION ZONE: AN ACTION RESEARCH	\N	e7b306c9-e0cb-4c07-84ea-b2f35ad063af
85bcb3a1-050a-425f-b62c-9b93ab1bc83f	2023-10-29 15:36:04.837156	2023-10-29 15:36:04.837156	08:00:00	08:15:00	EES3	35	PRELIMINARY SCREENING,  FUNCTIONAL GROUP ANALYSIS,  MINERAL CONTENT AND FATTY ACID PROFILE OF TWO BROWN MARINE ALGAL SPECIES IN SRILANKA	\N	f1c05b1f-2a47-4d45-8186-35771e844115
4f1dc0fa-8c16-4b02-bbbe-15becd000114	2023-10-29 15:36:04.51686	2023-10-29 15:36:04.51686	14:45:00	15:00:00	PS4	78	EVALUATION OF INSECT-REPELLENT ACTIVITY OF PIPER LONGUM (L.) BASED NANO-EMULSIONS FOR THE CONTROL OF SITOPHILUS ORYZAE (L.) (COLEOPTERA: CURCULIONIDAE)	\N	5ee34f4f-1480-4b8e-b4b1-4227cdab6257
a012ebdf-6eef-402f-ad94-401bd680f308	2023-10-29 15:36:04.726804	2023-10-29 15:36:04.726804	12:15:00	12:30:00	EES1	34	DOES THE ENVIRONMENTAL SCORE OF ESG (ENVIRONMENTAL,  SOCIAL AND GOVERNANCE) REPORTING HAS AN EFFECT ON COPERATE PERFORMANCE OF COMPANIES?	\N	e87718f1-b8d5-4d80-8851-0c6bb0c7c0c4
d3351d98-2f5e-443a-b863-03fc0117efa0	2023-10-29 15:36:04.936329	2023-10-29 15:36:04.936329	11:15:00	11:30:00	EES4	174	A WEB-BASED LANDSLIDE RISK DISSEMINATION PORTAL INCORPORATION BAYESIAN PROBABILISTIC RISK PREDICTION MECHANISM ON LANDSLIDE CAUSATIVE PARAMETERS	\N	3658b0b0-3fd0-4134-beb0-84f7624302ef
0551e252-12d5-41d1-9515-1a36e5adf4af	2023-10-29 15:36:04.625849	2023-10-29 15:36:04.625849	09:45:00	10:00:00	PS5	202	COST-EFFECTIVE CIGS THIN FILMS: ELECTRODEPOSITION AND CHARACTERIZATION FOR EFFICIENT SOLAR CELLS	zoom	e6347702-2a52-47b5-9fac-40f4a4f26833
9f7e4d29-3f20-4826-a23d-b25baa86dd90	2023-10-29 15:36:04.955674	2023-10-29 15:36:04.955674	11:30:00	11:45:00	EES4	194	ESTIMATION OF SHORELINE CHANGES IN THE SOUTHERN COASTAL BELT OF SRI LANKA SPECIAL REFERENCE TO POLHENA BEACH USING GIS AND REMOTE SENSING METHODS OVER PAST 17 YEAR	\N	\N
5b9b8970-0062-4565-86f0-a1cd5b8ea414	2023-10-29 15:36:05.064742	2023-10-29 15:36:05.064742	11:00:00	11:15:00	SE1	61	KNOWLEDGE,  ATTITUDES & PARTICIPATION FOR ENVIRONMENTAL ACTIVITIES OF GRADE 11 STUDENTS IN FOUR SELECTED SCHOOLS IN MATALE DISTRICT,  SRI LANKA	\N	f4e6f7f7-d021-48ab-a7df-9e3e9a1a3f9c
d8d3b565-d9c2-42c6-a732-159efc56b772	2023-10-29 15:36:04.537039	2023-10-29 15:36:04.537039	15:00:00	15:15:00	PS4	109	CANARIUM ZEYLANICUM SEED OIL AS A FEEDSTOCK FOR BIODIESEL PRODUCTION	\N	e688d98b-9d01-4615-85cf-e25557002639
b1507331-6955-49c1-9fbd-70b23f6c3860	2023-10-29 15:36:04.85605	2023-10-29 15:36:04.85605	08:30:00	08:45:00	EES3	93	PRELIMINARY STUDY ON DIVERSITY OF LEPIDOPTERON SPECIES IN THE DUNUMADALAWA FOREST RESERVE,  KANDY,  SRI LANKA	\N	5e17f6ac-fcfc-4fcd-8fec-b0d6a77f2f06
37ee53be-5571-4afa-8535-730314041e26	2023-10-29 15:36:04.647771	2023-10-29 15:36:04.647771	14:15:00	14:30:00	PS6	69	DEVELOPMENT OF HUMIDITY SENSING COMPOSITE MATERIAL USING SnO DOPED PHENOL FORMALDEHYDE (PF) DERIVED CONDUCTIVE CHARCOAL	\N	6b382962-e098-473e-84e3-16ea3fc2513d
4c132465-e8ba-4942-af4c-e91d8549c5df	2023-10-29 15:36:04.756876	2023-10-29 15:36:04.756876	12:45:00	01:00:00	EES1	164	AIR QUALITY TRENDS AND PATTERNS IN KANDY,  SRI LANKA	\N	6a203fbb-3cf1-4ede-b542-5314000f2f22
cfd2cc9e-8ea3-46aa-a7b5-993c6ab1e009	2023-10-29 15:36:04.966898	2023-10-29 15:36:04.966898	13:45:00	14:00:00	EES5	65	SELECTIVE ADSORPTION OF Pb(II) IONS ON Fe3O4/MgO NANOCOMPOSITES	\N	a2bc5bcf-9c81-4908-93ed-b44b60712124
40bc893b-81f9-4ec3-ae96-faf1872ac63c	2023-10-29 15:36:04.655916	2023-10-29 15:36:04.655916	14:30:00	14:45:00	PS6	92	LOW-COST COUNTER ELECTRODE PREPARED USING ACTIVATED CARBON DERIVED FROM RICE HUSK FOR DYE-SENSITIZED SOLAR CELLS	\N	2a63779c-001e-4262-a168-ded447b41c01
8dff9f0b-e68f-41ec-a939-aa5b20161fc3	2023-10-29 15:36:04.756837	2023-10-29 15:36:04.756837	14:00:00	14:15:00	EES2	38	CHANGES IN WATER CONSUMPTION PATTERNS AFTER INSTALLATION OF REVERSE OSMOSIS WATER TREATMENT PLANTS IN DIMBULAGALA (CHRONIC KIDNEY DISEASE OF UNKNOWN ETIOLOGY -CKDU PREVALENT AREA),  SRI LANKA.	\N	db3acff5-e8cf-4645-b84d-011cb4112fd1
fa1a2fd3-95a5-42a4-82a9-e8a2208cfdc1	2023-10-29 15:36:04.866258	2023-10-29 15:36:04.866258	08:45:00	09:00:00	EES3	105	URBAN BIRD DIVERSITY IN SELECTED LOCATIONS OF COLOMBO DISTRICT AND URBAN RESIDENT’S ATTITUDES TOWARD BIRDS IN THE NEIGHBOURHOOD	\N	ac228053-4438-4621-b7c9-d29da311012c
5c96fe8c-a992-415c-aa1b-778902cd4172	2023-10-29 15:36:05.087174	2023-10-29 15:36:05.087174	11:45:00	12:00:00	SE1	112	THE EFFECTIVENESS OF ONLINE TEACHING AND LEARNING COMPARED TO IN-PERSON INSTRUCTIONS FOR JUNIOR SECONDARY STUDENTS: A CASE STUDY AT A CHOSEN SCHOOL IN THE KURUNEGALA EDUCATIONAL ZONE	\N	3b5d4758-17ac-46cf-a6bf-8e0b2d002687
75e65367-064e-46bb-a2eb-d96721e8d330	2023-10-29 15:36:04.556983	2023-10-29 15:36:04.556983	15:15:00	15:30:00	PS4	180	CONFINED NANOCRYSTALLIZATION OF ANTHRANILIC ACID IN A MESOPOROUS ZEOLITE MATRIX	\N	767b35c4-2dfc-45c4-ac33-d33ce44ad6ba
d9d60564-39f8-403d-915c-a3708383454e	2023-10-29 15:36:04.785748	2023-10-29 15:36:04.785748	15:00:00	15:15:00	EES2	135	CHARACTERIZATION OF HYDROGEN PEROXIDE-INDUCED PROGRAMMED CELL DEATH IN SELECTED MICROCYSTIN PRODUCING CYANOBACTERIA: CYTOTOXIC EFFECTS ON CELLULAR MICROCYSTIN CONTENT	\N	1c0bb482-d608-4ddc-ad0a-67121ce78b2b
2439d5dc-64f3-430a-8aa6-e05b1c061dbe	2023-10-29 15:36:05.097097	2023-10-29 15:36:05.097097	14:15:00	14:30:00	SE2	13	Implementing Inquiry-Based Learning Approach to Improve Synthesis Skills Among Science Undergraduates	\N	066cc4e3-4450-4581-a0a2-1bc623f85449
bbdb29e6-f0e5-4c40-9729-0938a23ac6d6	2023-10-29 15:36:04.897285	2023-10-29 15:36:04.897285	09:30:00	09:45:00	EES3	189	A COMPARISON OF BIRD DIVERSITY BETWEEN THE CORE AREA AND THE BUFFER ZONE OF BODHINAGALA FOREST RESERVE,  SOUTH-WESTERN SRI LANKA	\N	13e1c601-4d6a-4ac4-947a-4b133e829f22
ba3e3ade-9995-4d3c-9fee-12e27885e74b	2023-10-29 15:36:04.676671	2023-10-29 15:36:04.676671	15:00:00	15:15:00	PS6	169	LIGNOCELLULOSIC COIR FIBER ASSISTED FABRICATION A POROUS SHEATH-POROUS CORE POLYANILINE NANOPARTICLES@FIBER COMPOSITE VIA IN-SITU CHEMICAL POLYMERIZATION	\N	17c8ce15-07e6-4744-ae9a-2906b619b7e3
2411a708-d3b0-4807-9c1d-00e92ebc8a56	2023-10-29 15:36:04.567071	2023-10-29 15:36:04.567071	08:45:00	09:00:00	PS5	163	ANALYSIS OF AFM IMAGES FOR INVESTIGATING THE MORPHOLOGY AND POROSITY OF FLUORINE-DOPED TIN OXIDE THIN FILMS	zoom	c621d578-de10-466c-809d-cea451337fe1
8c0beb0f-f3e8-4fba-97ab-376b6c8cb22c	2023-10-29 15:36:04.997354	2023-10-29 15:36:04.997354	14:30:00	14:45:00	EES5	152	INVESTIGATION OF RELEASE AND DETERIORATION OF CHRYSOTILE FIBRES IN CORRUGATED ASBESTOS-CEMENT ROOFING SHEETS	\N	960fdc95-3d91-46a0-b3a2-1fb6dd4d3ac2
3aa104f7-e193-4d9e-bc38-afcb1e208be3	2023-10-29 15:36:04.876887	2023-10-29 15:36:04.876887	09:15:00	09:30:00	EES3	172	FISH ASSEMBLAGE STRUCTURE AND ASSOCIATED ENVIRONMENTAL FACTORS OF RAWAN-OYA TRIBUTARY OF MAHAWELI RIVER	\N	\N
ffb2dd39-e78f-4ad7-9b1f-88662292a217	2023-10-29 15:36:04.975475	2023-10-29 15:36:04.975475	14:00:00	14:15:00	EES5	71	REMOVAL OF LEAD (II) FROM AQUEOUS SOLUTIONS BY PEELS OF BANANA VARIETY AVAILABLE IN SRI LANKA	\N	78d4e6db-bbce-4ac1-9e57-7779a1e443ff
d73ac6ca-5ed0-4588-a966-786aa123727d	2023-10-29 15:36:05.087275	2023-10-29 15:36:05.087275	11:15:00	11:30:00	SE1	75	Awareness of Food Labels among Schoolchildren in Ampara District: Promoting Better Health Choices through Knowledge Evaluation	\N	42991b1a-5f00-45ea-b97e-57c9a542995e
a187b960-1084-481c-937f-663e183ebb7a	2023-10-29 15:36:04.775528	2023-10-29 15:36:04.775528	14:30:00	14:45:00	EES2	118	PHYSICO-CHEMICAL CHARACTERISTICS OF INLET AND OUTLET WATER IN WATER TREATMENT PLANTS ALONG THE MAHAWELI RIVER BETWEEN KOTMALE AND VICTORIA RESERVOIRS	\N	85870466-7147-4ba1-82ce-97eeec144f59
d6417d97-e432-4c5f-931f-cd0b814c350b	2023-10-29 15:36:04.567086	2023-10-29 15:36:04.567086	08:15:00	08:30:00	PS5	148	Effect of Quaternary Cations on The Efficiency of Quasi-Solid-State Dye-Sensitized Solar Cells	\N	5e581979-e34a-4ef2-84d4-07fc6bf1abc2
bca50d8e-ac8a-416b-a0e1-c8dc114c12db	2023-10-29 15:36:04.676291	2023-10-29 15:36:04.676291	15:15:00	15:30:00	PS6	181	NANOCOCRYSTALLIZATION OF UREA:4-HYDROXYBENZOIC ACID USING SONOCHEMICAL METHODS	\N	af96c8b6-15c7-4b78-bcc8-98e3b5fb742c
\.


--
-- Data for Name: sessions; Type: TABLE DATA; Schema: public; Owner: rescon
--

COPY public.sessions (id, created_at, updated_at, start_time, end_time, date, session_id, session_item_ids, category, location, session_chair_ids, panal_discussion_ids, plenary_talk_ids) FROM stdin;
6135d885-ca05-44a4-a545-4eab7a0601ed	2023-10-29 15:22:33.072544	2023-10-29 15:22:33.072544	11:00:00	01:00:00	2023-11-03	ICTMS1	\N	ICT, Mathematics and Statistics	A3.2	{d7f87ea9-80b7-40e1-b9b0-28cdad73060c,bd42666e-7e82-49f1-b277-e66eeb401b7c}	\N	\N
0fe9a02e-93d7-4794-bbfa-00b681be624f	2023-10-29 15:22:33.082421	2023-10-29 15:22:33.082421	10:30:00	12:30:00	2023-11-04	ICTMS4	\N	ICT, Mathematics and Statistics	A3.2	{3ac1f897-4353-4bea-be28-a958e2dea85f,ecc744a2-1f60-4f82-9cc4-552bffaffc37}	\N	\N
61f7b6ba-1e7d-40bc-904d-2476f1f8bfe2	2023-10-29 15:22:33.082568	2023-10-29 15:22:33.082568	08:00:00	10:00:00	2023-11-04	ICTMS3	\N	ICT, Mathematics and Statistics	A3.2	{f783657b-4825-4275-9329-0bd3f6532230,fa4b2a9d-5521-4e77-b332-8737b1d9acb4}	\N	\N
ce1555dd-10d3-40ec-8863-5f5bdfd243aa	2023-10-29 15:22:33.090681	2023-10-29 15:22:33.090681	13:30:00	15:30:00	2023-11-04	ICTMS5	\N	ICT, Mathematics and Statistics	A3.2	{5f88d208-5ab8-4551-abc6-9067dfc681de,40d6a03b-b380-4097-ba18-d98f8f0f2c9d}	\N	\N
591804d7-4fc3-4beb-97ea-b22bb46d2971	2023-10-29 15:22:33.090559	2023-10-29 15:22:33.090559	14:00:00	16:00:00	2023-11-03	ICTMS2	\N	ICT, Mathematics and Statistics	A3.2	{4000e239-47bc-42a0-8cbf-86c4580aea1a,926f652e-a3ed-4c88-ba22-2425fac29e3d}	\N	\N
7cd8771a-147a-4314-94fe-04a67375edf9	2023-10-29 15:22:33.083633	2023-10-29 15:22:33.083633	11:00:00	01:00:00	2023-11-03	LS2	\N	Life Sciences	A1.1	{349367a0-f9be-4476-a22c-c45e7fd48a37,4c769763-6836-442f-97ad-237c41a8f5bf}	\N	\N
a4b1e5e5-4cc7-4107-a080-5d80aacf9628	2023-10-29 15:22:33.083075	2023-10-29 15:22:33.083075	11:00:00	01:00:00	2023-11-03	LS1	\N	Life Sciences	C2.4	{c7ef7df3-ef23-436d-a60b-f7aa97036afd,391d4d1e-0019-4bea-8430-f25fb5516ec6}	\N	\N
76459ded-475e-4085-aa7f-4f15cd895f22	2023-10-29 15:22:33.092369	2023-10-29 15:22:33.092369	14:00:00	16:00:00	2023-11-03	LS3	\N	Life Sciences	C2.4	{2b55d0ad-5560-490a-ad01-b2ad3f7450a4,37dbc2b6-20c7-4ba1-a983-bb3f5a6a0f67}	\N	\N
8398b612-c339-4b57-89e2-7c84e2aa4dd4	2023-10-29 15:22:33.092623	2023-10-29 15:22:33.092623	14:00:00	16:00:00	2023-11-03	LS4	\N	Life Sciences	A1.1	{e8546613-8b9b-4637-8ecd-e6771ec47094,c7cff62b-c51c-4c47-bbd8-af3fbc35dcb5}	\N	\N
129ba9ad-d98f-436d-b6e2-dd4b0aeb8f69	2023-10-29 15:22:33.201243	2023-10-29 15:22:33.201243	08:00:00	10:00:00	2023-11-04	LS6	\N	Life Sciences	Auditorium	{4f2d4f3c-c7dc-4bc9-8125-92bd75d0f167,db1f8290-c3bc-4f2e-a021-60b7ac1de746}	\N	\N
8aad773f-8950-494f-8d8b-fb7ad6de66fa	2023-10-29 15:22:33.203068	2023-10-29 15:22:33.203068	10:30:00	12:30:00	2023-11-04	LS7	\N	Life Sciences	C2.4	{906b4f55-82c4-4fee-92f8-2e570baa1ac1,cfee6be3-13a5-4483-91e6-df93972482de}	\N	\N
24a53792-1b66-4add-bc02-3521d7fabb87	2023-10-29 15:22:33.202119	2023-10-29 15:22:33.202119	10:30:00	12:30:00	2023-11-04	LS8	\N	Life Sciences	Auditorium	{9381ab92-cd9e-4f6c-86ba-23a383efa2ca,91ddde3d-8318-494b-b2ee-dd4791ed6e25}	\N	\N
4d1c1721-5cc5-4122-95a9-8e4fc4c7c44e	2023-10-29 15:22:33.200719	2023-10-29 15:22:33.200719	13:30:00	15:30:00	2023-11-04	LS9	\N	Life Sciences	C2.4	{9253050d-ea8d-437d-bf12-e6480da65706,698af957-f9d7-4165-a1e5-9fe38df15928}	\N	\N
90c17699-9741-4ef4-b98b-e6ab09f2b503	2023-10-29 15:22:33.200563	2023-10-29 15:22:33.200563	11:00:00	01:00:00	2023-11-03	PS2	\N	Physical Sciences	C2.5	{dde7d9ec-cfed-43d7-bf72-0fa4067885ef,f808d513-8d79-4317-b782-88ed9dc0ce58}	\N	\N
443ed967-2326-44b8-8646-00625db1e685	2023-10-29 15:22:33.201945	2023-10-29 15:22:33.201945	14:00:00	16:15:00	2023-11-03	PS3	\N	Physical Sciences	C2.5	{bfadc824-5daf-4fa3-b975-91a8ea43c3cd,50ebf936-204a-46cd-89fd-903d79242ab9}	\N	\N
83aa7971-28ad-4871-adb0-ee337bbd0d2f	2023-10-29 15:22:33.200797	2023-10-29 15:22:33.200797	14:00:00	16:00:00	2023-11-03	PS4	\N	Physical Sciences	C2.6	{651125c5-b658-4bc1-84c8-83ececb74cc9,33beb94a-1635-405c-a43d-9d3cf163d9fd}	\N	\N
ce16e48c-92ee-41ea-8b53-9d86850eea6f	2023-10-29 15:22:33.21183	2023-10-29 15:22:33.21183	08:00:00	10:15:00	2023-11-04	PS5	\N	Physical Sciences	C2.5	{5152d5a6-4043-48ab-b348-102bbd49881f,d9b96b91-5160-441a-932a-be7f9c398fb0}	\N	\N
81da72b6-11d6-4f3b-950f-3ad9c6c11a64	2023-10-29 15:22:33.312702	2023-10-29 15:22:33.312702	11:45:00	01:00:00	2023-11-03	EES1	\N	Earth & Environmental Sciences	A3.1	{c5642fbd-3824-4be3-9964-f4ef1623e556,03293238-2831-43fc-9a03-ef56c78ddac1}	\N	\N
28f9320e-7867-4d63-a5ce-f0a5df943ef1	2023-10-29 15:22:33.31246	2023-10-29 15:22:33.31246	14:00:00	16:00:00	2023-11-03	EES2	\N	Earth & Environmental Sciences	A3.1	{9a7b0337-8a3e-4613-86b7-c0055cadf56b,ce6d33a0-0ed4-4cbe-acb1-9a7620d6ee29}	\N	\N
5f8e3cd3-444f-4ec7-b315-53032726f10d	2023-10-29 15:22:33.310461	2023-10-29 15:22:33.310461	08:00:00	10:00:00	2023-11-04	EES3	\N	Earth & Environmental Sciences	A3.1	{f91a942f-9353-430d-b265-50c44b518626,e7f7379b-620f-454a-babc-b91eb09c8ece}	\N	\N
ee7fa733-caa0-4b65-936f-d04e8f811e43	2023-10-29 15:22:33.312521	2023-10-29 15:22:33.312521	10:30:00	12:30:00	2023-11-04	EES4	\N	Earth & Environmental Sciences	A3.1	{48938ac9-082a-4979-83e7-baae43bb2cac,4addf717-55c2-4150-be12-c8bd66dafa64}	\N	\N
90531532-7349-4dc9-bbe3-ae589b52e8d7	2023-10-29 15:22:33.320772	2023-10-29 15:22:33.320772	10:30:00	12:30:00	2023-11-04	SE1	\N	Science Education	C2.6	{a352e8e2-669f-4770-9a82-ed5c8c176fa7,6f433d25-4d14-44fa-b115-e8cc5cf98e94}	\N	\N
f5b78797-b2a3-4c6e-ba80-fbe9b759c9c1	2023-10-29 15:22:33.091785	2023-10-29 15:22:33.091785	08:00:00	10:00:00	2023-11-04	LS5	\N	Life Sciences	C2.4	{ff550352-4c84-40af-b631-2c4509b677ca,bd5fefc4-38fb-4280-be70-e8e08ca88793}	\N	\N
439ef57f-fd14-4dcd-97b2-04a9709224b3	2023-10-29 15:22:33.201649	2023-10-29 15:22:33.201649	11:00:00	01:15:00	2023-11-03	PS1	\N	Physical Sciences	C2.6	{95d0e61b-93cd-4465-98b7-0ea728b19e30,ac4540cf-87bf-4a32-a791-73e10a1959e3}	\N	\N
fae8d8bd-b7b7-467f-90ba-1b84413baed9	2023-10-29 15:22:33.219022	2023-10-29 15:22:33.219022	14:15:00	15:30:00	2023-11-04	PS6	\N	Physical Sciences	C2.5	{990ccf69-d9ea-49b1-9212-d9c935ce0b29,1d2caa3b-c385-4527-8b89-90d2a36335f5}	\N	\N
1804af23-776e-46f8-b216-b1678dbbe7eb	2023-10-29 15:22:33.321771	2023-10-29 15:22:33.321771	13:30:00	15:30:00	2023-11-04	EES5	\N	Earth & Environmental Sciences	A3.1	{c429f1ad-b844-4aa5-8116-8b30a2a8bab0,73fb39df-9b7f-4926-9485-5d2313a7536e}	\N	\N
1661509d-fe03-4565-9165-f45313e28708	2023-10-29 15:22:33.320927	2023-10-29 15:22:33.320927	13:30:00	15:30:00	2023-11-04	SE2	\N	Science Education	C2.6	{d68ad6f5-238a-4459-9272-b6ff7701cdc9,69f85491-6d71-4636-bd95-e162d4c1d7b7}	\N	\N
\.


--
-- Data for Name: users; Type: TABLE DATA; Schema: public; Owner: rescon
--

COPY public.users (id, created_at, updated_at, username, email, password, name, role_name, chairing_sessions, nic, institute, registered, presenting_sessions, "registeredAt", "studentRegNo") FROM stdin;
29a3a853-8360-4e93-a652-f01674bfd1f2	2023-11-02 19:38:49.393201	2023-11-02 19:38:49.393201	MAUScf7597	asvinisenevirathna@gmail.com	$2b$10$MZ3rPuY7joecBAnpryk8v.DyR8J536af2QzWcv3rFA3XqZMPXcoOO	Ms K. M. A. U. Senevirathna	presenter	\N	968441540V	 University of Sri Jayewardenepura" "Department of Forestry and Environmental Sciences 3	\N	3	\N	\N
26fef367-8b20-4e73-9b58-925a51ae67c7	2023-11-02 19:38:49.573286	2023-11-02 19:38:49.573286	AYRBe12f57	yashasbalasooriya@gmail.com	$2b$10$WQIZ9hTEMzqyVI8GqvcnGOOijOxSFxaKhS/7aQiEA8vSw5nPg9e5y	Mr G.A.Y.R. BALASOORIYA	presenter	\N	941230580v	PGIS - UNIVERSITY OF PERADENIYA 14	\N	14	\N	\N
a9f1cd3b-ed40-4c27-bd3b-1efc983bf86a	2023-11-02 19:38:49.674184	2023-11-02 19:38:49.674184	MHGNPMS1fd14f	nimmip.samarakoon@gmail.com	$2b$10$38vIuU/v9p3tkCRl2P5DQuJK/EXs4XhiKDxpbW8paxhiQBFY3RLjy	Ms S.M.H.G.N.P.M.Samarakoon	presenter	\N	197265901415	PGIS 19	\N	19	\N	\N
e7b306c9-e0cb-4c07-84ea-b2f35ad063af	2023-11-02 19:38:49.804098	2023-11-02 19:38:49.804098	WLNdd587c	wathsi.nwl@gmail.com	$2b$10$RGGzUjsTQ6EWPWW3NkDa9.7XuyiYdkeOAMoZhL//m0CsEWrHPnL3S	Ms N.W.L.Narangoda	presenter	\N	858441706v	 University of Peradeniya" "Postgraduate institute of Science 30" 29 "28	\N	28,29,30	\N	\N
f1c05b1f-2a47-4d45-8186-35771e844115	2023-11-02 19:38:49.912912	2023-11-02 19:38:49.912912	Na59537	nishmitharamaraj@ichemc.edu.lk	$2b$10$sh95EY4vN2fo1MnqnNCG4eiBnwHON5LIl.C8nRXZ4tzjXiCwlmAAO	Ms R.Nishmitha	presenter	\N	958063610V	University of Sri Jayawardenapura 35	\N	35	\N	\N
d66132ab-d905-43af-b9ad-cd56e8bd8967	2023-11-02 19:38:50.083035	2023-11-02 19:38:50.083035	GAUb398c3	udeshika9319@gmail.com	$2b$10$Qnvqdko8Mh.Pe2rUK2B0YuuyDWmy1eGXBAS9mBWyDPNuOHpKgaOle	Ms M.G.Achini Udeshika	presenter	\N	936971610 v	University of Colombo 43	\N	43	\N	\N
972acf7f-85f0-4969-b8c1-fcccc89b26a6	2023-11-02 19:38:50.103401	2023-11-02 19:38:50.103401	WASG79b8a5	drayeshasg@gmail.com	$2b$10$LfjGrRmYfArDZuDRKQZuTe.RQqnVmC1b7QDyjHM6ktTHv64YHHwYS	Ms B.W.A.S.Gunarathna 	presenter	\N	935120233V	University College Of Kuliyapitiya  46	\N	46	\N	\N
ae101f17-36b6-4b68-9528-1bf5e183f188	2023-11-02 19:38:50.213687	2023-11-02 19:38:50.213687	DSRPb0267f	sandunipiumali94@gmail.com	$2b$10$CB9AtCo42bPkzfDHkc9wROLtwu6msWFHDCe2hkhjYvv7X9llB.8Um	Ms G.D.S.R.Piumali	presenter	\N	947660926V	 University of Peradeniya 49	\N	49	\N	\N
ee1ee858-0193-49d0-84d5-2aead00956da	2023-11-02 19:38:50.3245	2023-11-02 19:38:50.3245	MNPH4c3d16	nimashiherath@gmail.com	$2b$10$XzGwtTPf8GRL/PJJ9.wWnOgOup6zPXPQ7ofe9C8B8naqq4qfp7W2a	Ms H.M.N.P. HERATH	presenter	\N	926922238 v	university  of kelaniya 56	\N	56	\N	\N
f4e6f7f7-d021-48ab-a7df-9e3e9a1a3f9c	2023-11-02 19:38:50.383187	2023-11-02 19:38:50.383187	MKGW0a53f1	gaya3wijerathna@gmail.com	$2b$10$.n9VpR9UwOJOBoDBvNRTxuF8Y1KHYkMlt/osFKYcO3uyhZ6g1Ralu	Ms W.M.K.G.Wijerathna	presenter	\N	886173261V	PGIS 61	\N	61	\N	\N
a2bc5bcf-9c81-4908-93ed-b44b60712124	2023-11-02 19:38:50.443423	2023-11-02 19:38:50.443423	G351cb1	guru201666@gmail.com	$2b$10$P3d0qSks14wQ7MBHufd3zeYMhp9znA8h4t9ygBHdTZ/unjS8Y86FK	Mr V.Gurunanthanan	presenter	\N	951090646V	 Sri Lanka"  Peradeniya  University of Peradeniya "Postgraduate Institute of Science 65	\N	65	\N	\N
78d4e6db-bbce-4ac1-9e57-7779a1e443ff	2023-11-02 19:38:50.564188	2023-11-02 19:38:50.564188	KINP5639db	iroshini1997@gmail.com	$2b$10$MaRzSg3Vxp5mZ5Wcs65XR.J7Xk2JDWTvr7hF9SxENyhXnZQQyw1YO	Ms L.K.I.N. Perera	presenter	\N	975313174V	University of Peradeniya 71	\N	71	\N	\N
2c7436e7-eecd-4f7e-b5db-7297c292a05f	2023-11-02 19:38:50.633301	2023-11-02 19:38:50.633301	MDCBc804a9	chathurikabandarad@gmail.com	$2b$10$XJJC607kX7Ta7DuJXyQaoeKK28ZYu8vEtrORJpah4v08lT4H18vSu	Ms S.M.D.C. Bandara	presenter	\N	937472803V	 University of Peradeniya" "Postgraduate Institute of Agriculture 74	\N	74	\N	\N
5ee34f4f-1480-4b8e-b4b1-4227cdab6257	2023-11-02 19:38:50.733536	2023-11-02 19:38:50.733536	DVAS80ca93	vinaveeapsara@gmail.com	$2b$10$lwcaCuVahQ8mlD3kGLaLBucgqUjMEe8ObpmMlNAogReWBSH3hha1m	Ms G. D. V. A. Sandeepani	presenter	\N	955691504V	University of Sri Jayewardenepura 78	\N	78	\N	\N
bd5e5774-48cb-4f3e-9305-b4661aa6a44b	2023-11-02 19:38:50.93314	2023-11-02 19:38:50.93314	DS71da5f	vishdulanji@gmail.com	$2b$10$.pF2vWKSqh/jbq2YqvH3W.ximofX8cPjRkdj5vpVyl2yr22ftICv2	Ms V.D.Samaraweera	presenter	\N	966030313V	University of Sri Jayewardenepura 87	\N	87	\N	\N
d553cf94-1294-4b80-8e66-2aeb3df07c08	2023-11-02 19:38:50.862907	2023-11-02 19:38:50.862907	MTDKE73b4d6	tharikadkekanayake@gmail.com	$2b$10$n5U3KXZF.B.UZbQlXZguEebvl5OSA1OxHPoDvbcq30dYyabqUza1S	Ms E.M.T.D.K.Ekanayake 	presenter	\N	985781320V	The Open University of Sri Lanka  85	\N	85	\N	\N
2a63779c-001e-4262-a168-ded447b41c01	2023-11-02 19:38:50.973176	2023-11-02 19:38:50.973176	IUW998650	umayangani.we@nifs.ac.lk	$2b$10$QLvOClQflONeb8hqmFd1k.8hxYMgEA4YoAYmEAygf4DIRXBnFmZW6	Ms M.I.U.Weerasinghe	presenter	\N	948571293v	National Institute of Fundamental Studies 92	\N	92	\N	\N
6657f9b8-0660-4374-9a63-d6107bc3f881	2023-11-02 19:38:51.153627	2023-11-02 19:38:51.153627	Sc1707e	mswetha074@gmail.com	$2b$10$Q8dtiyfHCkwv6OMrB38yaOCVzzyOlapSGtEwvcfa5CkNmQ75c.3CW	Ms B. Swetha	presenter	\N	955980964V	Postgraduate Institute of Science 98	\N	98	\N	\N
d728a577-5b0b-450f-b639-ee1b96ae094e	2023-11-02 19:38:51.163281	2023-11-02 19:38:51.163281	RLSKc7cbae	lakmisau94@gmail.com	$2b$10$gGwK5YV2B6GwI7iRrW8Vt.B9TLB8bciGJ8I5zTLdlLNARBbL6dGWy	Ms L.R.L.S. Kumari 	presenter	\N	199460202802	University of peradeniya  116" 99 "98	\N	98,99,116	\N	\N
07375f57-cdd6-4504-8b91-a6367893a032	2023-11-02 19:38:51.273305	2023-11-02 19:38:51.273305	JG1cffb5	chathurijay.gun@gmail.com	$2b$10$4PYZ70OD4bp/x4MU2rZgruZ8QbGtq7O.oWw2oJBSSU1wSjui4ofLu	Ms C.J. Gunathunga 	presenter	\N	917362556V	University of Sri Jayewardenepura  103	\N	103	\N	\N
e688d98b-9d01-4615-85cf-e25557002639	2023-11-02 19:38:51.384138	2023-11-02 19:38:51.384138	AWKde6639	warunik@sci.pdn.ac.lk	$2b$10$Rz1uFCEmEB.u94rcrslOluKxA9F.9ETUd7p0Uxi5BcKU96AoN8uXK	Ms P.A.W. Keshiya	presenter	\N	957812872v	Postgratuate Institute of Science 109	\N	109	\N	\N
f9879691-9b58-440a-9859-c1a30d64842b	2023-11-02 19:38:51.43465	2023-11-02 19:38:51.43465	RKCJ0b59c4	kithsirij@wyb.ac.lk	$2b$10$niApZBOssB141xEmfPoEPuFMDHP0iCG1r5hauEG7ZoYGe3n8NdkFm	Mr J.R.K.C Jayakody	presenter	\N	792481752v	wayamba university of sri  lanka 110	\N	110	\N	\N
dc02102d-289f-4eeb-a698-b211e2814edf	2023-11-02 19:38:51.533639	2023-11-02 19:38:51.533639	MMKHc3ecce	manelherath15@yahoo.com	$2b$10$8jBxdujI08vFjS/vDIKb4e1yPI0ztUMjRr1qKD310lGlPu.c/SVAy	Ms J.M.M.K HERATH	presenter	\N	197863600773	Office of Regional Director of Health Services-Kurunegala 114	\N	114	\N	\N
2f4f70e5-6a7d-463f-b3a8-627a2fc01bdd	2023-11-02 19:38:51.673077	2023-11-02 19:38:51.673077	GDTBK261426	dasun26kahawaththa@gmail.com	$2b$10$qJaYrbE5LTGaXL5HH2FkpumGgn3hpAdfCdzICjhkTGecgl19IdDUC	Mr K.G.D.T.B. Kahawaththe 	presenter	\N	973001132V	PGIS 119	\N	119	\N	\N
d332df91-dc3c-4479-88ab-b66c13ff71c7	2023-11-02 19:38:51.713381	2023-11-02 19:38:51.713381	KHM2f8405	mkhmadurawala.ph@gmail.com	$2b$10$tuPcimVctRxE1yEhZg175O9LE5lLQYIYu9G4TqZ0Is5Z9XU2tAhhq	Mr M.K.H. Madurawala	presenter	\N	970771476v	 University of Colombo" "Department of Physics 122	\N	122	\N	\N
85affcc6-56ea-4844-8a09-89849720ed07	2023-11-02 19:38:51.793235	2023-11-02 19:38:51.793235	A880b75	anisiva1996@gmail.com	$2b$10$ULwtOJpWwyWwnL2K8kPmreX4E/JfjcOQAjLvYcVnM579FMiPLW6OO	Ms S.Aniththa 	presenter	\N	966383224V 	University of Jaffna  125	\N	125	\N	\N
3769eb50-2f86-432d-96e1-beaebbc94ae5	2023-11-02 19:38:51.842506	2023-11-02 19:38:51.842506	f5172c	kesharab4@gmail.com	$2b$10$YEjVafykXmhYMwupa7/qBeMnjfmp.KgbQVSw4obSb6sOBntEf0O7e	Mr Bandaranayake MBKK	presenter	\N	971601981V	 University of Ruhuna " "Faculty of Science 127	\N	127	\N	\N
395f78dc-c892-4058-ab5d-ccab8eafa0ba	2023-11-02 19:38:51.923106	2023-11-02 19:38:51.923106	MHRD503808	dmhrdissanayaka@gmail.com	$2b$10$AslqRaMnBYUCRcvaJsalSePevyMDyKBEndNVgv657/Jv6cNPBmHkG	Ms D.M.H.R. DISSANAYAKA	presenter	\N	936250645v	Postgraduate Institute of Science University of Peradeniya 130	\N	130	\N	\N
c23f9e60-a320-4c59-b21d-f12c93964095	2023-11-02 19:38:52.003795	2023-11-02 19:38:52.003795	MTDT75fe78	tharalat@sci.pdn.ac.lk	$2b$10$eYMi1EN7x05McPvwCM8IcepPUpigN1clqL/YYNIZh8anVkzDKQdYS	Ms T.M.T.D. Thennakoon	presenter	\N	946450782V	Postgraduate Institute of Science 132	\N	132	\N	\N
d0add45a-e474-4430-b63c-cccb81d04b0d	2023-11-02 19:38:52.053165	2023-11-02 19:38:52.053165	MCR643e01	chamiruwanthika95@gmail.com	$2b$10$cM6NiGc8BJwasTwMMgpVHOsUyxkvZcvGw3FVzwcRQ41pqJiWWane2	Ms A.M.C. Ruwanthika	presenter	\N	957311237V	 University of Peradeniya" "Faculty of Agriculture 136	\N	136	\N	\N
1c0bb482-d608-4ddc-ad0a-67121ce78b2b	2023-11-02 19:38:52.043414	2023-11-02 19:38:52.043414	MSATG781470	Shashini.gu@nifs.ac.lk	$2b$10$5zxuzh5A.VWiPPX9U3TIwultaJtr6SADpllS310SK5MBaPV7Q7Qja	Ms H.M.S.A.T.Gunathilaka	presenter	\N	937082347V	National Institute of Fundamental Studies 135	\N	135	\N	\N
dec8dc19-e161-475a-be92-79cda44a5090	2023-11-02 19:38:49.374237	2023-11-02 19:38:49.374237	7d8c83	sjeevana90@gmail.com	$2b$10$sNNR9xz3h9cI8tuFwzsh9eQMW53.keqO.0ebzb0/LmCKbFaxUd7pq	Ms J Duwarahan	presenter	\N	199071502707	PGIS 2	\N	2	\N	\N
6e93b394-b5b1-40f9-a9d9-3c73053080ac	2023-11-02 19:38:49.403566	2023-11-02 19:38:49.403566	6027f2	sachinip@sci.pdn.ac.lk	$2b$10$5jC5zb2z0r8V5y49VMgRzedbdGgsui/nKX/32//4j5vvxEXsRnD.2	Ms S  N Palliyaguru	presenter	\N	965811125V	 University of Peradeniya" "Postgraduate Institute of Science 10	\N	10	\N	\N
878cb50e-af23-49b2-85be-e373ea448c07	2023-11-02 19:38:49.393128	2023-11-02 19:38:49.393128	MSSGfe4c8a	styagunawardhana@gmail.com	$2b$10$jSFQ3XhH4qjUPPBe.Njko.IMrcHsJxqbgXbtEB/onbagPKgIJxvT6	Ms G.M.S.S. Gunawardhana	presenter	\N	975122611V	Uva Wellassa University of Sri Lanka 9	\N	9	\N	\N
1639d2db-7d06-4b62-8617-d6834601a734	2023-11-02 19:38:49.583123	2023-11-02 19:38:49.583123	DTMd2d12e	kiu.b56365@kiu.ac.lk	$2b$10$KQYBO3S5yAWZQR/E2YuVfOXvsej2Y9r5jC9IAksgTpgi6ANV3jy3S	Mr H.D.T. Madhuranga	presenter	\N	972412708v	 KIU"  Faculty of Health Sciences "Department of Biomedical Science 15	\N	15	\N	\N
6fda0bc5-aafa-408f-b33b-e3b0b180c296	2023-11-02 19:38:49.6929	2023-11-02 19:38:49.6929	RJM6a84d5	krjaliyamanuda@gmail.com	$2b$10$PqeQ71wc8y6a8NMiyZ/UcO4weHr5hthKRLILrJock/mUOLYLTn9ou	Mr K. R. J. Manuda	presenter	\N	960200365V	University of Colombo 23	\N	23	\N	\N
569fc049-63af-45cb-a03d-ccdf46dbc269	2023-11-02 19:38:49.703204	2023-11-02 19:38:49.703204	SKU3334c3	savaa4.ulpathakumbura@gmail.com	$2b$10$LSBj1c/H07vn2zIOCPCddekInc22Kr7W8NufOV9ARZKKtUthdXLl.	Ms B. S. K. Ulpathakumbura 	presenter	\N	945381329v	NIFS 24	\N	24	\N	\N
c5da1a51-b160-4c42-bd9c-a65471678d7a	2023-11-02 19:38:49.813962	2023-11-02 19:38:49.813962	RMKNLaa0625	kanchananithini31@gmail.com	$2b$10$o6qg8/G7PJHHHNxRD9Tmwer3WgZ4zVJzxWM5Zu9veh7B9SxEuDegS	Ms L.R.M.K.N.Liyadipitiya	presenter	\N	965670980V	National Institute of Fundamental Studies 31	\N	31	\N	\N
29a53563-78b7-468c-a25a-dfdaa7bf9d4d	2023-11-02 19:38:49.993262	2023-11-02 19:38:49.993262	RKF26b625	kalisada98@gmail.com	$2b$10$.HiZaW28HZ753p08DZzihuH7bDb/YBHWdjLN.yXvpl4Esyc0MCA3.	Ms M. R. Kalidha Farween 	presenter	\N	985473471V	 KAATSU International University (KIU)"  Faculty of Health Science "Department of Biomedical Science 39	\N	39	\N	\N
db3acff5-e8cf-4645-b84d-011cb4112fd1	2023-11-02 19:38:49.973083	2023-11-02 19:38:49.973083	MTMBc8da8b	thilinibandara995@gmail.com	$2b$10$E2AD2ysSVAR0KV./zk/fqe5cegX2MWod3IfnYE6ggez3tM/SAf5My	Ms H.M.T.M.Bandara	presenter	\N	956770874V	University of Colombo 38" "37	\N	37,38	\N	\N
0a09bb40-4358-4e44-a5fc-75c42ffd50da	2023-11-02 19:38:50.093468	2023-11-02 19:38:50.093468	AKBP6c916f	amilapinnawala@gmail.com	$2b$10$Z0hje4kbPWmHN4PFP1DKruNKhveS/jNQjzYyWTJUTRqFsXl/BfTPy	Mr H.A.K.B.Pinnawala 	presenter	\N	891690355V	Kg/Mv/Parakrama maha vidyalaya 44	\N	44	\N	\N
2646ff0c-20ff-40b1-ba54-bc8489e8b1ff	2023-11-02 19:38:50.223173	2023-11-02 19:38:50.223173	AKPAfb3c29	prabhathm@univ.jfn.ac.lk	$2b$10$YutLYQluI9XMlgq08iCigOsqy8LY0oUTac3MAImuyfAexA2X.ru.a	Mr A.A.K.P.Amarasinghe	presenter	\N	940032040v	 Sri Lanka" "University of Jaffna 52	\N	52	\N	\N
6a18fedf-38dc-41a4-a562-d4f80b4e2f20	2023-11-02 19:38:50.233459	2023-11-02 19:38:50.233459	P6fbb9b	pafiya93@gmail.com	$2b$10$vawI8mdNDEWZC4GV6z/zEud9sVok1xnnWFonMZFtIvB5q2EsCDh4m	Ms S.Pafiya	presenter	\N	93712287V	University of Jaffna 53	\N	53	\N	\N
c51cf226-dc1e-4837-ba56-19dbf1dbc715	2023-11-02 19:38:50.343602	2023-11-02 19:38:50.343602	267eed	sachinikarunarathne94@gmail.com	$2b$10$s0wHLCQtBZhIjczX9RpARuHON0JxvtVlUVCDr9dFLj8u.6.lTeIRG	Ms AWSP Karunarathne	presenter	\N	199467601710	University of Colombo 59	\N	59	\N	\N
03ab03ca-8da7-4f1d-81e9-67fed7f59c85	2023-11-02 19:38:50.492887	2023-11-02 19:38:50.492887	IIae92fd	ishraiqbal@yahoo.com	$2b$10$jE.mCjItCrwYHmQZu1Rg1uTUz33Tv7Ys1iLkaO0gY5sHtlZzrMYBq	Ms M . I Ishra	presenter	\N	906660091v	Postgraduate Institute of science University of peradeniya 65	\N	65	\N	\N
954fb6d6-4f13-4ebc-b969-3fc5d5213415	2023-11-02 19:38:50.513503	2023-11-02 19:38:50.513503	DT23b777	dinushitissera46@gmail.com	$2b$10$nW4iZYxJt1PjdfX3aUJ2neFTFZt6xyz/AuHIp3/UCr9pKuiwI1E0S	Ms B. D. Tissera	presenter	\N	200053203903	PGIS 68	\N	68	\N	\N
e6a43702-3678-4054-aa7f-edad5e0867e0	2023-11-02 19:38:50.612778	2023-11-02 19:38:50.612778	SMH5af0a0	mohamedhisam93@gmail.com	$2b$10$peUSVIoW7Z3UHRQ2USHXCOJhfaFSxQuDZFVGYbmgcR0raOwJrb/7O	Mr M. S. Mohamed Hisam	presenter	\N	930760641V 	 University of Peradeniya" "PGIS 73	\N	73	\N	\N
33718754-73e1-4d4c-8230-645bb564014e	2023-11-02 19:38:50.743038	2023-11-02 19:38:50.743038	MKSDe4b919	kanjini31@gmail.com	$2b$10$SvibHiyKHohizgLfnlB.ieSHqT6WwioIM1nEtiPKNlWViCU4fNnw.	Ms K.M.K.S Dissanayake	presenter	\N	200159102532	University of Colombo 104" "79	\N	79,104	\N	\N
e6ba4122-1763-4e64-9367-59efcb416d5e	2023-11-02 19:38:50.773539	2023-11-02 19:38:50.773539	PK38a844	2018s17093@stu.cmb.ac.lk	$2b$10$mHyWylJF0.QKEUWdOlwZC.HhFbCklfa671SmVPe2er1nCF7t9f0Z.	Ms C. P. Kariyapperuma	presenter	\N	986011080V	 Sri Lanka"  University of Colombo "Department of Mathematics 80	\N	80	\N	\N
07b12706-d8be-4c4e-91e9-e0926244da73	2023-11-02 19:38:50.852946	2023-11-02 19:38:50.852946	VNf61a63	vindyapererra@gmail.com	$2b$10$FEHVRFOKJrbPqr7NFY8GZeQB1g0OsYZaPiWDxTZE1bnvg5WBqdyRO	Dr Perera S.V.N.	presenter	\N	818633769V	Postgraduate Institute of Science  84	\N	84	\N	\N
5e17f6ac-fcfc-4fcd-8fec-b0d6a77f2f06	2023-11-02 19:38:51.053696	2023-11-02 19:38:51.053696	DK5408e4	chathudulanjali24@gmail.com	$2b$10$DBByy9CHN.ZNa2fq6i./Bekk6oT9NOkrPwLZI650ft3jOO1G/GygS	Ms C. D. Kodithuwakkuarachchi	presenter	\N	917730059V	The Open University of Sri Lanka 93	\N	93	\N	\N
0da6a070-a1e4-4aa3-ad20-95486cfcb17b	2023-11-02 19:38:51.062893	2023-11-02 19:38:51.062893	SHF92ef86	m.shehan111@gmail.com	$2b$10$.rwozLFhFjLH9LdnB.W6s.KEYnuM55jsKTORx3PwojT9Q//t9cvde	Mr M.S.H. Fernando	presenter	\N	962520960V	 University of Peradeniya"  Faculty of Science "Department of Chemistry 95	\N	95	\N	\N
61b0af5d-c157-4e10-87e7-0bd85af4f8ec	2023-11-02 19:38:51.172751	2023-11-02 19:38:51.172751	AMAGDMG770e6f	dilushag@sci.pdn.ac.lk	$2b$10$odKf71XWE5cOb/u/ODJfpegrDIf3y39ns4Mh0VM4ogRwgxvbDizsG	Ms K.A.M.A.G.D.M. Gunathilaka	presenter	\N	956600960V	 University of Peradeniya"  Faculty of Science "Department of Botany 100	\N	100	\N	\N
01d3978b-2103-4599-80ef-ea33f9c1b34c	2023-11-02 19:38:51.323545	2023-11-02 19:38:51.323545	RPMBfe5089	pavithramalkibasnayake@gmail.com	$2b$10$xY5EiJsXVlMmwnsNKJrDceKMo3fIgnuNpSDLFzZ1/a1226Z1UM762	Ms B.R.P.M. Basnayake	presenter	\N	199564100517	 University of Peradeniya"  University of Kelaniya and Department of Statistics & Computer Science "Department of Statistics & Computer Science 106	\N	106	\N	\N
ac228053-4438-4621-b7c9-d29da311012c	2023-11-02 19:38:51.27352	2023-11-02 19:38:51.27352	KAP5fee71	kasuni.perera43@gmail.com	$2b$10$PJ1sU1d7B2VYg8wyTHnb5OdiCicagifMnp3EOiY7vhZUXRPQUCEja	Ms K.K.A. PERERA	presenter	\N	925193232v	PGIS  105	\N	105	\N	\N
3b5d4758-17ac-46cf-a6bf-8e0b2d002687	2023-11-02 19:38:51.493247	2023-11-02 19:38:51.493247	780801	mhshifana@yahoo.com	$2b$10$xpMaABqtIHkHbjzKU0ibKeSEqsydn9kgqt4oOPoYtD1WzV7HRLAWm	Ms M H shifana 	presenter	\N	198166601692	PGIS 112	\N	112	\N	\N
b2331bb1-03ca-4cb1-a70a-d2577201c712	2023-11-02 19:38:51.503248	2023-11-02 19:38:51.503248	DDDS780091	danudd96@gmail.com	$2b$10$pMF7yHWpmCFVpCfQd0FkFODZ5KbhAPs6LM5gfErFfEzp3TrLefqAC	Mr N.D.D.D.Senarath	presenter	\N	199610202592	University of Peradeniya 113	\N	113	\N	\N
060559f7-5b41-4d02-8155-53d0ccec4025	2023-11-02 19:38:51.583982	2023-11-02 19:38:51.583982	GCSdcfce1	vgchamo74@gmail.com	$2b$10$JOGl2x4qBpaycw9.Wz7XpuCi23uTXzlPgYZe53hW2d0pKmvTstLqS	Ms V.G.C.Samanmali	presenter	\N	935981905 V	 Peradeniya"  University of Peradeniya "Post Graduate Institute of Science 115	\N	115	\N	\N
4edf0e5d-46ad-4e3d-988d-e488e7d31e69	2023-11-02 19:38:51.59322	2023-11-02 19:38:51.59322	RVP2e722b	rvperera98@gmail.com	$2b$10$oPz7p8y4ZvOt33w4tLgp8O/IiRsqwxAuEBPtHARffzUc2ULTwoUua	Ms M.R.V. Perera	presenter	\N	985120064V	 University of Peradeniya"  Faculty of Science "Department of Molecular Biology and Biotechnology 116	\N	116	\N	\N
b353f513-fefb-4851-9c95-eab71d9fb39d	2023-11-02 19:38:51.733588	2023-11-02 19:38:51.733588	GSS60081f	sanajangamaarachchi@gmail.com	$2b$10$.PjfJKYY26CJH5EUvzaNeuSiFqlKzAbIlbu7VOUgyjYZiax6AjpfK	Ms G. G. S. Sithumini	presenter	\N	965911820V	National Institute of Fundamental Studies  123	\N	123	\N	\N
a42ab329-28a8-4fe3-a4df-afc1e3bc97dc	2023-11-02 19:38:51.772647	2023-11-02 19:38:51.772647	AGSeefd7d	geethgsmb@gmail.com	$2b$10$T3jFGlNF7MAyXqJxeCONJeykmR4iWx/exZEJEDN7ALBOjl3WeIAP6	Mr K.A.G. Sameera	presenter	\N	882400042v	Geological Survey and Mines Bureau 124	\N	124	\N	\N
f79d0a89-3fa3-4e78-9c24-4115bd45ad70	2023-11-02 19:38:51.802665	2023-11-02 19:38:51.802665	MKCJC491591	amkcjcosta@gmail.com	$2b$10$xePPx3UbHncOmaSrFvxsQetLOQURvrSw98T.3Ci4f8OzqtXECH2k6	Mr A.M.K.C.J. Costa	presenter	\N	933353508V	PGIS 126	\N	126	\N	\N
c9829c34-f8d5-4298-a022-93f1e804ea81	2023-11-02 19:38:49.383752	2023-11-02 19:38:49.383752	RGWNR1b1bff	warurajapaksha1996@gmail.com	$2b$10$vgKTbWhyWKKuhNyDI.55v.rMctJCQV9swhEzi3OYyYgZa.X7.W5me	Ms W.R.G.W.N.Rajapaksha	presenter	\N	968544209V	 University of Peradeniya"  Faculty of Science "Department of Zoology 11	\N	11	\N	\N
066cc4e3-4450-4581-a0a2-1bc623f85449	2023-11-02 19:38:49.403518	2023-11-02 19:38:49.403518	JW582608	kwijesin@chem.cmb.ac.lk	$2b$10$ajA0wUH5qv4efO/8ry0UTeXn/CMGhV3.IdBnqjJkl3X/dZeDx2p76	Dr K. J Wijesinghe	presenter	\N	887650225v	University of Colombo 13	\N	13	\N	\N
5049c4be-53cd-4cef-b12b-baf4244a1c98	2023-11-02 19:38:49.592837	2023-11-02 19:38:49.592837	M8cd942	meera4800@gmail.com	$2b$10$Vse9wlEfc8E/5sE2Oz5fhu3jdQ5C3xADsdu78XQGTu/dXY4RBQ2d.	Ms S.Meera	presenter	\N	846073205V	Post Graduate Institute of Science 17	\N	17	\N	\N
4bdba634-1c6f-4ec0-a361-2049ba1f85d0	2023-11-02 19:38:49.77298	2023-11-02 19:38:49.77298	HTMDSf4dfe9	nltmadu94@gmail.com	$2b$10$wv2c79qMpZRKz5OOMkrxleADwPjTHbftGaPR7w5VlYkDdHpDukkta	Mr N.H.T.M. De Siva	presenter	\N	972480770V	Sabaragamuwa University of Sri Lanka 25	\N	25	\N	\N
9ed7cb3f-b413-46ab-a2d4-f0788b22015a	2023-11-02 19:38:49.893438	2023-11-02 19:38:49.893438	WMPN17652b	madhawa.nawarathne.93@gmail.com	$2b$10$/5Zyp.TrGxwSOMZBZjtwLe3EFRHo/vmbbaMMtch2mAnvKXcyNa6W6	Mr M.W.M.P. Nawarathne	presenter	\N	933593533V	 University of Peradeniya" "PGIS 33	\N	33	\N	\N
8391d95b-fd30-436c-bc07-068177ef5f45	2023-11-02 19:38:50.023393	2023-11-02 19:38:50.023393	DUSNc7b0e9	nakandalau@gmail.com	$2b$10$UEghfNkiDUkRy7gte2pyyOvWcI8chKsafWy.3MzYS9BBjNNqk8AZu	Ms N.D.U.S. Nakandala	presenter	\N	N7820332	University of Queensland 42	\N	42	\N	\N
f16ba8cc-ad89-4f19-b30a-af6c0b3eaf67	2023-11-02 19:38:50.125525	2023-11-02 19:38:50.125525	K194d09	skayathiri1994@gmail.com	$2b$10$ICQJfCsTZDja6N6sD9fKsOy7HwhbZpTEWkbwWRqf1a5pfw5lJ2VxW	Ms T.Kayathiri	presenter	\N	946273805V	 Sri Lanka"  Peradeniya  University of Peradeniya "Postgraduate Institute of Science 47	\N	47	\N	\N
bce1cb32-996b-4b4b-a68d-5d429c61a398	2023-11-02 19:38:50.332714	2023-11-02 19:38:50.332714	Mdb990b	murugananthan@univ.jfn.ac.lk	$2b$10$Id25etpvaRKHBRTWPsOTR.6yxgf2Jnhu/hCGOi2zhwOrmdAbU/T0K	Dr A.Murugananthan	presenter	\N	721623378V	 University of Jaffna" "Faculty of Medicine 57	\N	57	\N	\N
ea3c580a-60e7-461f-b1a5-652fe940393b	2023-11-02 19:38:50.42353	2023-11-02 19:38:50.42353	MSJf1ddd6	menukajayalath43@gmail.com	$2b$10$ekWd4.u2KeI3s59ViQKwZOyBdmNzeYQS7nRkSF2FwhgTTVUSPP.1u	Ms J.M.S.Jayalath	presenter	\N	975260240V	 University of Colombo " "Department of Zoology and Environment Sciences 62	\N	62	\N	\N
a4a08926-b0ab-4b4e-967a-b956b1c18c92	2023-11-02 19:38:50.604173	2023-11-02 19:38:50.604173	RFL8a57e9	lidariyal@gmail.com	$2b$10$fNJ52O7oz0i4LRULWzDWS.cJHnobaYKVfk83.pugczPApMOOHljmi	Ms M.R.F. LITHA 	presenter	\N	968452525V	Kaatsu International University  72	\N	72	\N	\N
42991b1a-5f00-45ea-b97e-57c9a542995e	2023-11-02 19:38:50.653733	2023-11-02 19:38:50.653733	AW00059b	93malmi2449@gmail.com	$2b$10$nDIdSx0pRdrNQtfdL7Ble.dZCaZy0CXgJESiyYAc52i4NMAisJw/a	Ms M.A.Wickramasinghe	presenter	\N	199451500823	 Kandy" "NIFS 75	\N	75	\N	\N
71404068-13b1-4876-9e04-846a27ea4896	2023-11-02 19:38:50.84313	2023-11-02 19:38:50.84313	PSSPf68151	sathsarasandamini@gmail.com	$2b$10$ZV8ZJ4P4h1sFylG754mukuYfAwV/thZOljwX9qZ4oVmJ2JJYfCime	Ms T.P. Sathsara S. Perera	presenter	\N	199460400150	University of Sri Jayewardenepura  83	\N	83	\N	\N
3a32503b-2afa-4b61-8dc4-fac94a95f745	2023-11-02 19:38:50.953601	2023-11-02 19:38:50.953601	NPVAce1422	anuradhavaishali89@gmail.com	$2b$10$3HWABlRxNFM.MA3qVI3kduCjN5cpOlgMFWIs1IcGqNNsQ5W9HOSWK	Ms G.N.P.V. Anuradha	presenter	\N	948542129v	 University of Peradeniya" "Postgraduate Institute of Science 88	\N	88	\N	\N
a786d031-6f2e-402e-a159-7292e12cbb6a	2023-11-02 19:38:51.092778	2023-11-02 19:38:51.092778	D99887b	dayani.dx@gmail.com	$2b$10$Ugn9J4/U6DL7ZJR2XF6Ypervh4QOQiirWVwfWY5XzOdlA1iBqoZbW	Ms P. Dayani	presenter	\N	955010507V	 Sri Lanka."  University of Sri Jayewardenepura  Faculty of Technology "Department of Biosystems Technology 97	\N	97	\N	\N
7b9c86ba-69d4-4d39-8f4c-13e64e5f8893	2023-11-02 19:38:51.203961	2023-11-02 19:38:51.203961	PPSR3d8dfa	sandurasangani@gmail.com	$2b$10$20OZ1RjXaUv5SuvJpJ8/.O5ADLmwRc7Jk1KwKFm0iONY1p2H2gO0i	Ms J.P.P.S. Rasangani	presenter	\N	965391800v	University of Sri Jayewardenepura 101	\N	101	\N	\N
1b0f7979-02c8-4eec-8373-3ac9236ce325	2023-11-02 19:38:51.383464	2023-11-02 19:38:51.383464	ASIa7dd26	sindunika@gmail.com	$2b$10$BkeB7KbzXM/eDSvRFJwqW.rYAyLtggd6fAAuyrtRqhePymfIPtfKi	Dr S. A. S. Indunika	presenter	\N	926480235V	 University of Peradeniya" "Faculty of Veterinary Medicine and Animal Science 108	\N	108	\N	\N
72ccbfc9-e6a0-43da-87dd-bf4d8a8cb01a	2023-11-02 19:38:51.483911	2023-11-02 19:38:51.483911	TSe63c6f	uvinisenanayake1996@gmail.com	$2b$10$wggh33IUrgCkgDxhEH42pOCOHZG7AdSeHjOpt1dL8kpb//FniRR46	Ms U.T. Senanayake	presenter	\N	714342249	 University  of Peradeniya." "Faculty of Science 111	\N	111	\N	\N
942c0b3b-4ba5-4781-96b4-d74ccc26293f	2023-11-02 19:38:51.603082	2023-11-02 19:38:51.603082	MTAEb1f8bb	thyangiekanayake@gmail.com	$2b$10$b.wahpLquYKrWHGeYZ67SO9zqR38dNSu/p6DpW83cG3lHFROslPhO	Ms E.M.T.A. Ekanayaka	presenter	\N	976401719v	 Kandy " "National Institute of Fundamental Studies 117	\N	117	\N	\N
85870466-7147-4ba1-82ce-97eeec144f59	2023-11-02 19:38:51.633412	2023-11-02 19:38:51.633412	TAT68e4ed	thilakarathnaamandi@gmail.com	$2b$10$9h86ThG6jJEJPdVadqQxdOPvmc31C9fToqclGxO1rGwJ5FEtNn6xe	Ms P. T. A. Thilakarathna	presenter	\N	199260900232	 University of Peradeniya" "Postgraduate Institute of Science 118	\N	118	\N	\N
ae650013-104f-4d31-a4d5-369fc60e2db6	2023-11-02 19:38:51.692808	2023-11-02 19:38:51.692808	8c6a7b	kavindya.samarakoon@yahoo.com	$2b$10$p5XLiFwGy3IrBMb.qRb85.5b9vMmOQkYGwnQR0ARP1KMQFs8x9FOi	Ms S M K T SAMARAKOON 	presenter	\N	966210460V 	National Institute of Fundamental Studies  121	\N	121	\N	\N
210aea01-e71c-4a98-a53f-2973c2ff4591	2023-11-02 19:38:51.882786	2023-11-02 19:38:51.882786	RJCL0d4dc6	janindu1chamod2@gmail.com	$2b$10$IPsH9uYqoOA7wh/aT8HHROED6zd97wXCL/us9EG80.Fa75cDyHRJe	Mr I.R.J.C. Lenagala	presenter	\N	200112500187	University of Colombo- Sri Lanka 128	\N	128	\N	\N
1338cef6-db1a-4f68-8c2b-ba2180e9b991	2023-11-02 19:38:51.913066	2023-11-02 19:38:51.913066	DD5f6ccf	ushanid@sci.pdn.ac.lk	$2b$10$rQMOcXceNwINrRBjqeF3befEvqA.Dyvipuk1M72jxiciEuvodCXhS	Ms U.D. Dahanayake	presenter	\N	957812104v	 University of Peradeniya" "Faculty of Science 129	\N	129	\N	\N
26904909-ee8a-463d-86cd-80e998357869	2023-11-02 19:38:51.954034	2023-11-02 19:38:51.954034	EHAD9016d7	hansani.dhanasekara@sci.pdn.ac.lk	$2b$10$EbW8.vs0ozK329ed8ZKfUeQm1PSq9pez4VlIPgtza9LZJb5u7GLi.	Ms K.E.H.A.Dhanasekara	presenter	\N	965890831V	 University of Peradeniya" "Faculty of Science 131	\N	131	\N	\N
28a4fae5-6aaa-47c7-987c-87c7d23fa51e	2023-11-02 19:38:52.033475	2023-11-02 19:38:52.033475	GWJN190900	wathsala199310@gmail.com	$2b$10$Lr.m7bUIfE20x4U932/PkehQpi9Eyj3sULXERnFvkBqk7a.yskcLu	Ms A.G.W.J. Nandasiri 	presenter	\N	937800347V	University of Sri Jayewardenepura  134	\N	134	\N	\N
2e805b82-b9e7-4204-afac-1e71410ff9bf	2023-11-02 19:38:52.10278	2023-11-02 19:38:52.10278	KRAWSNN6c9f8b	snnshamila@gmail.com	$2b$10$Tk9R5TmWMKKkuALW7V7PzuUEMEb/aDsi/fIqL77NwmF4AmVQhsI36	Ms M.K.R.A.W.S.N.Nawarathna	presenter	\N	976402731V	Ocean University of Sri Lanka 138	\N	138	\N	\N
4c7309f5-9f2e-490b-9f76-c725f2b2c359	2023-11-02 19:38:52.112977	2023-11-02 19:38:52.112977	ASUW154917	shashikalawanigasekara@gmail.com	$2b$10$fhZwkVVslVxeqo0dMGDiS.F9ZjCmbboG/U/sibJJDoeIKdXSFshY6	Ms B.A.S.U. WANIGASEKARA	presenter	\N	946343650V	PGIS 139	\N	139	\N	\N
fd8c8d5c-b724-4a05-934f-ad14422352a3	2023-11-02 19:38:52.213779	2023-11-02 19:38:52.213779	MMN72f868	muditha1995@gmail.com	$2b$10$K0ncoZFHIgmqyUfRcEk7LO7jBjqZHtOErkn9hByivmMjnayJABMRa	Ms W.M.M. Nadeeshani	presenter	\N	957390340V	University of Peradeniya 143	\N	143	\N	\N
f61a173b-e8bc-44c2-bf59-b576139c016f	2023-11-02 19:38:52.122641	2023-11-02 19:38:52.122641	PJ3c6faa	dpjsuru@gmail.com	$2b$10$o4.sQWDAQW.0JmrilK6EJuFkL23aC0yztoxRs3P.FkvoIzBNgLria	Mr D.P.Jayarathne	presenter	\N	960791428V	University ofPeradeniya 141	\N	141	\N	\N
a1348988-18ac-4eea-8543-1783b5f76a3b	2023-11-02 19:38:52.143034	2023-11-02 19:38:52.143034	MASHb99cbc	amalisulochana1@gmail.com	$2b$10$4iSNslhluAAXi8C5f4lUj./m2W4GiAzRnvEm5q39USLHILU/EMZUC	Ms H.M.A.S. Herath	presenter	\N	955831713V	 University of Peradeniya."  Faculty of Science "Department of Molecular Biology and Biotechnology 142	\N	142	\N	\N
03289787-c5cc-4aa2-b420-71fb3c80b7e8	2023-11-02 19:38:52.223556	2023-11-02 19:38:52.223556	GSAMEWDDKEf043c8	dhananjanie@sci.pdn.ac.lk	$2b$10$Jy2JMnOM.eaDynI0dug7kukBkRuqJlC3xmwQzpBnJ6olzbVz7RtQC	Ms M.G.S.A.M.E.W.D.D.K.Egodawele	presenter	\N	199468301042	 University of Peradeniya."  Faculty of Science "Department of Chemistry 144	\N	144	\N	\N
9383fe73-3d8d-4578-8249-793df147fe11	2023-11-02 19:38:49.383813	2023-11-02 19:38:49.383813	SMe33672	imathudeensaros@gmail.com	$2b$10$XzdWQgYiDQdBDouq0NLeVe2mV60PjngZXFLef7J1FAdKMg57wHu/6	Mr E.SAROS MOHAMED	presenter	\N	971572167V	UNIVERSITY OF JAFFNA 8	\N	8	\N	\N
85bd26ea-d7c7-4159-8bf4-506b776e7749	2023-11-02 19:38:49.413805	2023-11-02 19:38:49.413805	RG64aeec	srgna@ou.ac.lk	$2b$10$mBBrFZvZad1UsPfeILC0iuLxRilTbNlIhNWk4pY91JjexyviL/Qty	Mr S. R. Gnanapragasam	presenter	\N	198004301247	The Open University of Sri Lanka 12	\N	12	\N	\N
a0e81160-22a6-43c5-8556-9bebea3d686b	2023-11-02 19:38:49.592868	2023-11-02 19:38:49.592868	GCNW604b4c	chathuranga.wi@nifs.ac.lk	$2b$10$.PtIJBIz6r8QUA3du6WuTODcSGuLm1BMczIehNcOLMQ0xgFXs86wu	Mr A.G.C.N. Wijerathna	presenter	\N	920164064 V	National Institute of Fundamental Studies 18	\N	18	\N	\N
cbedcde5-464c-4dcc-8430-34f8cfca13ee	2023-11-02 19:38:49.783183	2023-11-02 19:38:49.783183	MSHW360ac4	supipiw@sci.pdn.ac.lk	$2b$10$UVjQ4Uyb62d42loNyYx5POSU6uAeFsmKC/DavS1k.rGMn.r6Q8saa	Ms W.M.S.H. Wijesundara 	presenter	\N	968160974V	 University of Peradeniya "  University of Peradeniya and Postgraduate Institute of Science  Faculty of Science "Department of Zoology 26" "22	\N	22,26	\N	\N
d79e8204-ef7f-4872-bf3b-04939ec808b5	2023-11-02 19:38:49.863012	2023-11-02 19:38:49.863012	MSA00eb79	amsh.attanayake@gmail.com	$2b$10$7p0mY0ZDQ.IxWY9HGomyaeBdRMTqF9w9ZbdNMrmUWKpBORZFhlEKy	Ms A.M.S. Aththanayaka	presenter	\N	928093492 V	 Rajagiriya."  University of Sri Jayewardenepura.   Institute of Chemistry Ceylon "Faculty of Medicine 32	\N	32	\N	\N
d7f87ea9-80b7-40e1-b9b0-28cdad73060c	2023-10-29 15:24:38.530607	2023-10-29 15:24:38.530607	PR578fd8	default@email.com	$2b$10$eLciMf1.9MDIiAzZzZEiJuu0yFqp.MyJdSA91RpRT7jq6icN/e18y	Dr. PGRS Ranasinghe	session_chair	ICTMS1	\N	\N	\N	\N	\N	\N
3ac1f897-4353-4bea-be28-a958e2dea85f	2023-10-29 15:24:38.540033	2023-10-29 15:24:38.540033	HU4457b2	default@email.com	$2b$10$WFkv6DP4zQx1sPqiucuZXuK9joyQlT05aiK39d3UP9zIvVn1Ela7y	Dr. Hakim Usoof	session_chair	ICTMS4	\N	\N	\N	\N	\N	\N
f783657b-4825-4275-9329-0bd3f6532230	2023-10-29 15:24:38.540099	2023-10-29 15:24:38.540099	SAf94607	default@email.com	$2b$10$f2KbpHJfxVeisjiQf76ANewHjifxVm2HO6YWUtjcGlHwDDJ/7U1Oy	Dr. SP Abeysundara	session_chair	ICTMS3	\N	\N	\N	\N	\N	\N
5f88d208-5ab8-4551-abc6-9067dfc681de	2023-10-29 15:24:38.540049	2023-10-29 15:24:38.540049	MDf9772b	default@email.com	$2b$10$hfq3ChgvkwWlBSUy9TaWAe5unal/47vSzAciSd5k1P99zO0kVALZu	Dr. MTM Dewasurendra	session_chair	ICTMS5	\N	\N	\N	\N	\N	\N
fa4b2a9d-5521-4e77-b332-8737b1d9acb4	2023-10-29 15:24:38.540569	2023-10-29 15:24:38.540569	RY459ed9	default@email.com	$2b$10$.nBBxLH45efouvsLMqsmuO/Z65QXzOWeporaRNydjqXEZqwGzmqJa	Prof. RD Yapa	session_chair	ICTMS3	\N	\N	\N	\N	\N	\N
4000e239-47bc-42a0-8cbf-86c4580aea1a	2023-10-29 15:24:38.541008	2023-10-29 15:24:38.541008	WR25f55d	default@email.com	$2b$10$tf1zgmn1VHx88zVV4AqM9.Nfkw/J9j9gRM5TyDs5lv6J/mdjHMY9a	Dr. WNP Rodrigo	session_chair	ICTMS2	\N	\N	\N	\N	\N	\N
349367a0-f9be-4476-a22c-c45e7fd48a37	2023-10-29 15:24:38.729081	2023-10-29 15:24:38.729081	CWfb79d1	default@email.com	$2b$10$sU3/tqvt8LxXC.udvnZ8DeeUJ1II.cdYcCQSDWHp0cWRl0uM2X24i	Dr. Chaminda Wijesundara	session_chair	LS2	\N	\N	\N	\N	\N	\N
c7ef7df3-ef23-436d-a60b-f7aa97036afd	2023-10-29 15:24:38.729466	2023-10-29 15:24:38.729466	SCKR8fd29a	srubasinghe@sci.pdn.ac.lk	$2b$10$evb4f4UIrmhiWHXWQTEsGePgpkycHoEb/zAHvE4F/MVHLmzdyQtHi	Prof. S.C.K. Rubasinghe	session_chair	LS1	\N	\N	\N	\N	\N	\N
391d4d1e-0019-4bea-8430-f25fb5516ec6	2023-10-29 15:24:38.729446	2023-10-29 15:24:38.729446	GJaf2822	gejaya@sci.pdn.ac.lk	$2b$10$ziu17qnE/aVJc4ZrefUDAuAS6OA.TJNMD9R0Lz.bbteoh4uJNQRn.	Prof. Gehan Jayasooriya	session_chair	LS1	\N	\N	\N	\N	\N	\N
4c769763-6836-442f-97ad-237c41a8f5bf	2023-10-29 15:24:38.729729	2023-10-29 15:24:38.729729	SLf96a2f	lokugs@vet.pdn.ac.lk	$2b$10$xtn3IpFWRM86eUxAornNkuC3DfzFxAspFc2.xygZ0kDZFYT85SnCK	Dr. Sampath Lokugalappatti	session_chair	LS2	\N	\N	\N	\N	\N	\N
2b55d0ad-5560-490a-ad01-b2ad3f7450a4	2023-10-29 15:24:38.798887	2023-10-29 15:24:38.798887	SHPPKcf30b9	shppk@sci.pdn.ac.lk	$2b$10$da3xMkDJD3Y0AOG9UMzhs.Pk2aKl84mUG8seksnbPWekhugp9Ee5u	Prof. S.H.P.P. Karunaratne	session_chair	LS3	\N	\N	\N	\N	\N	\N
e8546613-8b9b-4637-8ecd-e6771ec47094	2023-10-29 15:24:38.809571	2023-10-29 15:24:38.809571	IFe03d9b	irushikawit@yahoo.com	$2b$10$nbJl5Lsneccv2L3j0qXbbOwPV.C3Voon05gWUfNRYa54uA6LHLRRC	Dr. Irushika Fernando	session_chair	LS4	\N	\N	\N	\N	\N	\N
4f2d4f3c-c7dc-4bc9-8125-92bd75d0f167	2023-10-29 15:24:38.919279	2023-10-29 15:24:38.919279	SR96acf1	sanathr@sci.pdn.ac.lk	$2b$10$/i9WlA02EkH/Izw2XJiAI.DXEx4oqh9ccJytwu6j8MELNmSXKaCzS	Prof. Sanath Rajapakse	session_chair	LS6	\N	\N	\N	\N	\N	\N
db1f8290-c3bc-4f2e-a021-60b7ac1de746	2023-10-29 15:24:38.928742	2023-10-29 15:24:38.928742	SG67d2f0	nalin@sci.pdn.ac.lk	$2b$10$zpwA2eH6u/sBmNwlJmaQn.bw8nJcK2PHKJeTNFZlFhpmXCq9eaI4O	Dr. Suranjith Gama-arachchige	session_chair	LS6	\N	\N	\N	\N	\N	\N
906b4f55-82c4-4fee-92f8-2e570baa1ac1	2023-10-29 15:24:38.969141	2023-10-29 15:24:38.969141	IKbe7b5b	inokap@sci.pdn.ac.lk	$2b$10$M.RLhyznZ6LeaQR77l04Fuc3uNsohNOksrec4t4FarVEXxnLEOiXW	Prof. Inoka Karunaratne	session_chair	LS7	\N	\N	\N	\N	\N	\N
cfee6be3-13a5-4483-91e6-df93972482de	2023-10-29 15:24:38.979757	2023-10-29 15:24:38.979757	NUPe4bf3f	default@email.com	$2b$10$PbQNc/hfy/6GbzrJplDxD.tn8WZB9XLviLNrQuSvl8bueyPJrgmeu	Dr. Nuwandi U. Pathirana	session_chair	LS7	\N	\N	\N	\N	\N	\N
9381ab92-cd9e-4f6c-86ba-23a383efa2ca	2023-10-29 15:24:39.009239	2023-10-29 15:24:39.009239	MD0ea140	malkanthid@sci.pdn.ac.lk	$2b$10$F.erKe1/Nmf4FQitThtoPuDtZwwIwnSD2BCqvFfTwF04d/rPMOvsq	Prof. Malkanthi Daundasekera	session_chair	LS8	\N	\N	\N	\N	\N	\N
9253050d-ea8d-437d-bf12-e6480da65706	2023-10-29 15:24:39.068229	2023-10-29 15:24:39.068229	CD4119c9	chandimasd@sci.pdn.ac.lk	$2b$10$YL2eQ0JX4m2mL5zu.CfUaeYdNIhT9jnEbSc7B5WN63G93/kTQCPXG	Dr. Chandima Danapala	session_chair	LS9	\N	\N	\N	\N	\N	\N
dde7d9ec-cfed-43d7-bf72-0fa4067885ef	2023-10-29 15:24:39.138723	2023-10-29 15:24:39.138723	LRAKB13sd2	default@email.com	$2b$10$rhIQ.pQhy8glJVm1cM2bDO9By5k/0OmCQFIHJGj/JZukbl8JJY3I6	Prof. L.R.A.K. Bandara	session_chair	PS2	\N	\N	\N	\N	\N	\N
bfadc824-5daf-4fa3-b975-91a8ea43c3cd	2023-10-29 15:24:39.169102	2023-10-29 15:24:39.169102	KMSW16a161	default@email.com	$2b$10$NmLZynhBnuYd7cF9L/zlyugq1.wI9lyAWQOmvxfifG.AOFAsKLF82	Prof. K. M. S. Wimalasiri	session_chair	PS3	\N	\N	\N	\N	\N	\N
f808d513-8d79-4317-b782-88ed9dc0ce58	2023-10-29 15:24:39.169467	2023-10-29 15:24:39.169467	JPLda4fe4	default@email.com	$2b$10$ifEZkKeAwr0hgTCSxXwPV.uOb8RLvMouEoJM703t8FWZE8Tir.9L.	Dr. J.P. Liyanage	session_chair	PS2	\N	\N	\N	\N	\N	\N
50ebf936-204a-46cd-89fd-903d79242ab9	2023-10-29 15:24:39.179393	2023-10-29 15:24:39.179393	JMSJb05ce7	default@email.com	$2b$10$vZrNe29nOYXQ1GAWDV/36eaKsy1XEZYx2O0TmKC6rvrqNdvb4Ik02	Dr. J. M. Susanthi Jayasinghe	session_chair	PS3	\N	\N	\N	\N	\N	\N
651125c5-b658-4bc1-84c8-83ececb74cc9	2023-10-29 15:24:39.238343	2023-10-29 15:24:39.238343	WRPWfdb61c	default@email.com	$2b$10$ZF4E5F4dXxlzv56CMLbJ8.ZflJW9Z/pT8a3z4M09V/ofxCmQAv4Di	Dr. W. R. Priyanga Wijesinghe	session_chair	PS4	\N	\N	\N	\N	\N	\N
5152d5a6-4043-48ab-b348-102bbd49881f	2023-10-29 15:24:39.269548	2023-10-29 15:24:39.269548	BSD1511d4	default@email.com	$2b$10$m2CzBVpzRVbiqybMJCp/oeQPjSHDw9r9jlKMdU/Kuj596KFzdQ2cG	Dr. B. S. Dassanayake	session_chair	PS5	\N	\N	\N	\N	\N	\N
c5642fbd-3824-4be3-9964-f4ef1623e556	2023-10-29 15:24:39.348419	2023-10-29 15:24:39.348419	TH435838	hewawasamtilak@gmail.com	$2b$10$iYx4rfKC2H1rdvov1mveBO7dnr/zlz0nEHtyIqc6bEvDstuyhlfqm	Prof. Tilak Hewawasam	session_chair	EES1	\N	\N	\N	\N	\N	\N
03293238-2831-43fc-9a03-ef56c78ddac1	2023-10-29 15:24:39.359465	2023-10-29 15:24:39.359465	PK76f748	dpkaru@sci.pdn.ac.lk	$2b$10$ekReZdc6fLoo/7lugGfgi.mHk65B6rkQTHxtvMmNn.sDNgVw7B/YK	Prof. Parakrama Karunarathne	session_chair	EES1	\N	\N	\N	\N	\N	\N
9a7b0337-8a3e-4613-86b7-c0055cadf56b	2023-10-29 15:24:39.408404	2023-10-29 15:24:39.408404	SJ986994	shamj@eng.pdn.ac.lk	$2b$10$XIxM9RGGQLWNMLEFufva4urVXhXOoEFAUYYPloWfWQNtC79AKzCvi	Prof. Shameen Jinadasa	session_chair	EES2	\N	\N	\N	\N	\N	\N
ce6d33a0-0ed4-4cbe-acb1-9a7620d6ee29	2023-10-29 15:24:39.418297	2023-10-29 15:24:39.418297	NK02db49	nadeeshak@sci.pdn.ac.lk	$2b$10$LDfMtu/qUrWYco9pC3b4tuUGutIB.chAMlipwemA1TgQjX/TlqjPC	Dr. Nadeesha Koralegedara	session_chair	EES2	\N	\N	\N	\N	\N	\N
f91a942f-9353-430d-b265-50c44b518626	2023-10-29 15:24:39.448972	2023-10-29 15:24:39.448972	TG9b8cbd	thilanka.gunaratne@sci.pdn.ac.lk	$2b$10$/9ZSETqQjkEC6y1KMweEzey2PPuNLca9vh5pXRq1Vrvt5hJRGgJWe	Prof. Thilanka Gunarathne	session_chair	EES3	\N	\N	\N	\N	\N	\N
48938ac9-082a-4979-83e7-baae43bb2cac	2023-10-29 15:24:39.508846	2023-10-29 15:24:39.508846	LRf3fc42	laliwr@appsc.sab.ac.lk	$2b$10$O5dwqxETiFenzOA6hxWI/eO0sCGvlaCqPbXoMqGrkm3fp3xEc7rv6	Dr. Lalindra Ranaweera	session_chair	EES4	\N	\N	\N	\N	\N	\N
a352e8e2-669f-4770-9a82-ed5c8c176fa7	2023-10-29 15:24:39.578784	2023-10-29 15:24:39.578784	HMd83ae4	default@email.com	$2b$10$Xe2Q4/k/rg0VVnuCdlujNOxCNuWFB4IWJt1Tl82jUmEOV7HX71ReS	Prof. HMSP Madawala	session_chair	SE1	\N	\N	\N	\N	\N	\N
6f433d25-4d14-44fa-b115-e8cc5cf98e94	2023-10-29 15:24:39.598776	2023-10-29 15:24:39.598776	PV565f6e	default@email.com	$2b$10$taY9/3wSYUcBy3slqrsOOuaY33QrRXYba2i/u1TiqZ.5wIA7bJNFW	Prof. Pushpa Vitharana	session_chair	SE1	\N	\N	\N	\N	\N	\N
c4de18f8-d9e9-4b8d-965f-7bff6d893467	2023-11-02 19:38:49.384193	2023-11-02 19:38:49.384193	NPa343b4	nniluka903@gmail.com	$2b$10$gnkhU53kCxEVnK3J/B3PgOoyxz4JBfz2wlhQp6Nxm4YYaP.zhvr5i	Ms N.Niluka Priyadharshani	presenter	\N	978062628 V	 University of Jaffna."  Faculty of Allied Health Sciences "Department of Pharmacy 5	\N	5	\N	\N
2d14015f-61b9-4853-81a6-d48c57e9a163	2023-11-02 19:38:49.682885	2023-11-02 19:38:49.682885	KUMG7f905e	medhavi.gunasekara@gmail.com	$2b$10$/ujn769gfbi/p3n5Gaqc...hod.5rqZADw2LSuggSG8zz1UlSrs3u	Ms M. K. U. M. Gunasekara	presenter	\N	915220029v	University of Colombo 21	\N	21	\N	\N
e87718f1-b8d5-4d80-8851-0c6bb0c7c0c4	2023-11-02 19:38:49.903875	2023-11-02 19:38:49.903875	IMLe6063d	supipi.irandi@gmail.com	$2b$10$JBbD3ByRhqKtRd5Rfbv5I.yUGjo2vx4W4eYlcjBAYK/r5kEcXlc2q	Ms S.I.M.Liyanage	presenter	\N	985163669v	University of Colombo 34	\N	34	\N	\N
2c0319bf-bfe7-43d6-87d1-d6e19ded3cfe	2023-11-02 19:38:50.003407	2023-11-02 19:38:50.003407	A1d0b7a	marunmaran03@gmail.com	$2b$10$poHYNw7dD1/z4GU3nvys2OEpx0emkVlUUThyx6amKiMGXatqnzk66	Dr M.Arunmaran	presenter	\N	923381201v	University of Jaffna 40	\N	40	\N	\N
39fd1061-70f4-4657-bacd-ddd4d81c1ee3	2023-11-02 19:38:50.173046	2023-11-02 19:38:50.173046	BK710bea	muralikirusna@univ.jfn.ac.lk	$2b$10$G3VBrR5hJeR2pDILlz8GXeKvvy0wZhqquxbpVfOANliqx2hAcelpq	Mr A.Balamurali Kirushnah 	presenter	\N	952423118V l	University of Jaffna  48	\N	48	\N	\N
ecc744a2-1f60-4f82-9cc4-552bffaffc37	2023-10-29 15:24:38.540416	2023-10-29 15:24:38.540416	RN0aaf36	default@email.com	$2b$10$cYrPJSLKppadS.LXarYfHupkyaxl98jUPamg87bEuFu5egQKdxpYu	Dr. RD Nawarathna	session_chair	ICTMS4	\N	\N	\N	\N	\N	\N
926f652e-a3ed-4c88-ba22-2425fac29e3d	2023-10-29 15:24:38.542551	2023-10-29 15:24:38.542551	GWRMRPedf12a	default@email.com	$2b$10$Nbl2L7Ztec9X7ok0gJJnI.1J2OxLYc408Vmu5wy4OyORfxrGhLfca	Dr. G. W. R. M. R. Palamakumbura	session_chair	ICTMS2	\N	\N	\N	\N	\N	\N
bd42666e-7e82-49f1-b277-e66eeb401b7c	2023-10-29 15:24:38.542694	2023-10-29 15:24:38.542694	APc6624a	default@email.com	$2b$10$vsh8sx5CnVL4/BaH8leDB.70BYWRjM3Sujt4tU43jr5bm1i/fjg5C	Prof. AAI Perera	session_chair	ICTMS1	\N	\N	\N	\N	\N	\N
37dbc2b6-20c7-4ba1-a983-bb3f5a6a0f67	2023-10-29 15:24:38.808532	2023-10-29 15:24:38.808532	RSRd1442d	rupika.rajakaruna@sci.pdn.ac.lk	$2b$10$PjilxFOFreuQHAga7t5s3uv7guOPX7bP0K9Cj9mk84NNTVE4Ej9t2	Prof. R.S. Rajakaruna	session_chair	LS3	\N	\N	\N	\N	\N	\N
c7cff62b-c51c-4c47-bbd8-af3fbc35dcb5	2023-10-29 15:24:38.80913	2023-10-29 15:24:38.80913	TAd797d7	thilinianupama@vet.pdn.ac.lk	$2b$10$itl/BJKDmfMqUtx52rLk/OoFGGYGNDCPhzob.MgkaY8F2b4lz6ep6	Dr. Thilini Anupama	session_chair	LS4	\N	\N	\N	\N	\N	\N
ff550352-4c84-40af-b631-2c4509b677ca	2023-10-29 15:24:38.899287	2023-10-29 15:24:38.899287	CAf73bb2	chandimaa@sci.pdn.ac.lk	$2b$10$2WkK3OJ9OfxSoRAY4eh43.VI8BqRQjIH1sSBIrpjPFnlUibS16OPG	Dr. Chandima Ariyarathne	session_chair	LS5	\N	\N	\N	\N	\N	\N
bd5fefc4-38fb-4280-be70-e8e08ca88793	2023-10-29 15:24:38.899021	2023-10-29 15:24:38.899021	JWDabc691	jilushid@sci.pdn.ac.lk	$2b$10$c0jByxhiL7nS7E9aOJS2ne/fEKVws1d71RuvrzTzgcdW16RkOw9RO	Prof. J.W. Damunupola	session_chair	LS5	\N	\N	\N	\N	\N	\N
91ddde3d-8318-494b-b2ee-dd4791ed6e25	2023-10-29 15:24:38.999254	2023-10-29 15:24:38.999254	CA619f9b	default@email.com	$2b$10$l2BXRDBOC2k6qS7BUfOju.HTH6qutzNjHtrNXx.yorg00q0Ongwoq	Prof. Charmalie Abayasekara	session_chair	LS8	\N	\N	\N	\N	\N	\N
698af957-f9d7-4165-a1e5-9fe38df15928	2023-10-29 15:24:39.058545	2023-10-29 15:24:39.058545	PSbbebc2	psam@sci.pdn.ac.lk	$2b$10$N8hX.9gJGeF2QR./LzxynOXIKZ.gKpBqWvScjJgM.m/USi27rN1bi	Prof. Preminda Samaraweera	session_chair	LS9	\N	\N	\N	\N	\N	\N
95d0e61b-93cd-4465-98b7-0ea728b19e30	2023-10-29 15:24:39.089157	2023-10-29 15:24:39.089157	MYUGf64cae	default@email.com	$2b$10$9HzqF7qHstp8pU30Cp4AROUWME6MtcphvLedN3p8TA6WmHT3lAhNa	Prof. Manawadevi. Y. U. Ganehenege	session_chair	PS1	\N	\N	\N	\N	\N	\N
ac4540cf-87bf-4a32-a791-73e10a1959e3	2023-10-29 15:24:39.109633	2023-10-29 15:24:39.109633	RJKUR09730d	default@email.com	$2b$10$3ZHEWMPSalSb.oYzylYgMep3GBRjtZrVHsmsdsBkBCGB8psgK0DAC	Dr. R. J. K. Udayana Ranatunga	session_chair	PS1	\N	\N	\N	\N	\N	\N
33beb94a-1635-405c-a43d-9d3cf163d9fd	2023-10-29 15:24:39.229058	2023-10-29 15:24:39.229058	AW9301d1	default@email.com	$2b$10$SFIIyC8H5Bq7EMsV2KcjMOVt2h8g/qoY/lFgZ2jxFROFRxfqdJg5e	Prof. Anura Wickramasinghe	session_chair	PS4	\N	\N	\N	\N	\N	\N
d9b96b91-5160-441a-932a-be7f9c398fb0	2023-10-29 15:24:39.259525	2023-10-29 15:24:39.259525	BSBK5f0653	default@email.com	$2b$10$WiwEcz7B9QKiG7eazZDuCujXI1jev3VQ7viyDkqkatGjiFLzQYsnS	Prof. B. S. B. Karunaratne	session_chair	PS5	\N	\N	\N	\N	\N	\N
990ccf69-d9ea-49b1-9212-d9c935ce0b29	2023-10-29 15:24:39.318968	2023-10-29 15:24:39.318968	RMGR1349f0	default@email.com	$2b$10$yf8bcU6kN1Ovd7bpc1C27.E7vBTD0s/UVh6aC9kAmZQNtOkHKsay2	Prof. R.M. Gamini Rajapakse	session_chair	PS6	\N	\N	\N	\N	\N	\N
1d2caa3b-c385-4527-8b89-90d2a36335f5	2023-10-29 15:24:39.328385	2023-10-29 15:24:39.328385	TMWJBe8427b	default@email.com	$2b$10$wsMbhDrRZ5lFY3Iude89WORo4Ws/IHzGMcd4mRuhHdxNwDeuCpuQu	Prof. T. M. W. J. Bandara	session_chair	PS6	\N	\N	\N	\N	\N	\N
e7f7379b-620f-454a-babc-b91eb09c8ece	2023-10-29 15:24:39.438927	2023-10-29 15:24:39.438927	SBdbf74e	suyamam@sci.pdn.ac.lk	$2b$10$ATt2yR/7sT0hsh0tTxKoP.zq/RwbXa/F35sI4OWDKlv4.Nv3MFC86	Prof. Suyama Boyagoda	session_chair	EES3	\N	\N	\N	\N	\N	\N
4addf717-55c2-4150-be12-c8bd66dafa64	2023-10-29 15:24:39.498643	2023-10-29 15:24:39.498643	NB179ae6	nanda.balasooriya@sci.pdn.ac.lk	$2b$10$oJu5LK7.9wWQNYxXAx7nLuVVQswwssLMP.1oo7gP/9CDatvOnzw8O	Prof. Nanda Balasooriya	session_chair	EES4	\N	\N	\N	\N	\N	\N
c429f1ad-b844-4aa5-8116-8b30a2a8bab0	2023-10-29 15:24:39.528714	2023-10-29 15:24:39.528714	BA2813a3	default@email.com	$2b$10$qx2ELmKPFPsEwft5/Ym9TOwfok1SkWjEB4Yqp7QotKjdrZ6ltvJU6	Dr. Bhathiya Athurupana	session_chair	EES5	\N	\N	\N	\N	\N	\N
73fb39df-9b7f-4926-9485-5d2313a7536e	2023-10-29 15:24:39.538443	2023-10-29 15:24:39.538443	MW7df3b9	manjulaw@sci.pdn.ac.lk	$2b$10$pIwcyE8w7MFpDKIomD9/qeDhJNNUrvgp2QBz9Qr01RD8TPhbPzchW	Dr. Manjula Wijesinghe	session_chair	EES5	\N	\N	\N	\N	\N	\N
d68ad6f5-238a-4459-9272-b6ff7701cdc9	2023-10-29 15:24:39.618855	2023-10-29 15:24:39.618855	SYdcaf87	default@email.com	$2b$10$jupqx1tMgiLM4DH9NpZEjOUxSg4Q3ApQkp8CJrwst05/vI7etlGwe	Prof. S. Yatigammana	session_chair	SE2	\N	\N	\N	\N	\N	\N
40d6a03b-b380-4097-ba18-d98f8f0f2c9d	2023-10-29 15:24:38.540562	2023-10-29 15:24:38.540562	ALARRT18dcaa	default@email.com	$2b$10$tuohoPPY/o6T1qAF5RexC.ckFNNiR3HBurVrVgBKs9trptzo8ouU6	Dr. A.L.A. Romesh  R  Thanuja	session_chair	ICTMS5	\N	\N	\N	\N	\N	\N
69f85491-6d71-4636-bd95-e162d4c1d7b7	2023-10-29 15:24:39.628433	2023-10-29 15:24:39.628433	ABe70ec7	default@email.com	$2b$10$Bi3EDoMuId6axgzM/.VVgO0lLrHtiTk1cKvO1V88fsemGn95kuEqG	Mr. AMRS Bandara	session_chair	SE2	\N	\N	\N	\N	\N	\N
021d2cb4-7dbe-4f64-bc17-cba21ff25772	2023-11-02 19:38:50.293571	2023-11-02 19:38:50.293571	LMe02378	nalesha63@gmail.com	$2b$10$ODaLl1k3eqb6TtWDqawbg.z2va7/r3oCwhMO.tLSrpTeelhVCDr1u	Ms N.L. Mudannayake 	presenter	\N	965669186V	NIFS 54	\N	54	\N	\N
93e8c2b9-5ea9-40b8-9bcf-a53c2ba68a8f	2023-11-02 19:38:50.433509	2023-11-02 19:38:50.433509	DSWGbb70eb	wanamalis@gmail.com	$2b$10$LtDRBgwSBpi1eubSt3UxkeXps/A22mTcnKQ8ZCqG2uq7aAjC27hPC	Ms M.D.S.W. Goonathilake	presenter	\N	955033078V	Postgraduate Institute of Science 63	\N	63	\N	\N
6b382962-e098-473e-84e3-16ea3fc2513d	2023-11-02 19:38:50.533303	2023-11-02 19:38:50.533303	DKH83900f	heshankamaljith@gmail.com	$2b$10$WWmGEt8wopuAlv0ZYylx0.fq1RXuZqXgVYjvirFkRZw3Y6AwkuZ8W	Mr G.D.K.Heshan	presenter	\N	870951612V	PGIS PhD student 69	\N	69	\N	\N
1ef0dfb9-8453-4bb5-8076-666844ae4667	2023-11-02 19:38:50.704021	2023-11-02 19:38:50.704021	AHT94f8db	heshanithathsara@gmail.com	$2b$10$im5ydEO8NWlsX5xHI/HS3eihpWxOrpLj5zYWOshjuFtHnNiDkwscO	Ms K.A.H.Thathsara	presenter	\N	978251757V	University of Sri Jayewardenepura 77	\N	77	\N	\N
eb94c8b2-45f2-41e2-a57c-dc461c5add3b	2023-11-02 19:38:50.803491	2023-11-02 19:38:50.803491	GASSGbad6c5	ssewwandikagamage@gmail.com	$2b$10$zw119fpQNGCnm1cr9deJm.VDgQDkwBZayJEf9DvZArpn9krDWV.vW	Ms J.G.A.S.S.GAMAGE	presenter	\N	956161312 V	 Sri Lanka"  Peradeniya  University of Peradeniya  Faculty of Science "Department of Molecular Biology and Biotechnology 82	\N	82	\N	\N
e792c28b-5272-4754-aeac-c5544735f90e	2023-11-02 19:38:50.963321	2023-11-02 19:38:50.963321	Se8005e	vsiva@sci.pdn.ac.lk	$2b$10$DDTT87k7d.Va0SIZy6oOR.TjpG9SUKbt1.2yV079e/wTSiEmK673K	Dr V. Sivakumar	presenter	\N	672761816V	University of Peradeniya 89	\N	89	\N	\N
e967bfc5-5b70-4886-9861-4471abcdf515	2023-11-02 19:38:51.072922	2023-11-02 19:38:51.072922	WMKE0d5716	kavindiweerasinghe123@gmail.com	$2b$10$v95vBX3S34JTqCqw665frOxiwsiqmoNmfKe98yn3C0C7frX8OnfsO	Ms Weerasinghe B. W. M. K. E.	presenter	\N	948000407V	 University of Kelaniya" "Department of Microbiology 96	\N	96	\N	\N
0114586a-7880-41b7-9bd2-d6eb53607913	2023-11-02 19:38:51.253733	2023-11-02 19:38:51.253733	c63445	madhusharanaweera@gmail.com	$2b$10$mjz76FlBJdRrIgreqJ2oUOGIHjRlCH05snzarA6tra3E1GdoAla/S	Ms M M Ranaweera	presenter	\N	N9052360	 University of Peradeniya" Faculty of Science "Department of Botany 102	\N	102	\N	\N
05e4711e-3538-4a16-9f22-a86be76980d9	2023-11-02 19:38:51.363412	2023-11-02 19:38:51.363412	db83d4	fazlafareed213@gmail.com	$2b$10$jXWx/aJBmqb6DeItg7RfZuviQGBYvuZ.I.uOjHVD.8idX9mlzoPl6	Ms AFF Fazla	presenter	\N	935022991 v	University of Peradeniya  107	\N	107	\N	\N
56d401be-caf4-41c9-8306-74c6cfca396c	2023-11-02 19:38:52.233041	2023-11-02 19:38:52.233041	MNN592121	bandara9960@usci.ruh.ac.lk	$2b$10$VuTy5q99Mq06X9dN/P.Fr.SJ.0iDZZXsfmQVVq9TEiiefgvLjuoUa	Ms Bandara H.M.N.N.	presenter	\N	968221981V	University of Ruhuna 145	\N	145	\N	\N
a6d6034d-0a3b-4630-874d-ec1a8d70a66c	2023-11-02 19:38:52.523538	2023-11-02 19:38:52.523538	b02070	skokila@univ.jfn.ac.lk	$2b$10$Hwt4Q9PH7YN2Ed34CsoiGe4gC4aMyex9iwJQw1S.EilsBXhfnwNq6	Ms university of jaffna	presenter	\N	877772497V	University of Jaffna 157	\N	157	\N	\N
19c03f4b-74c2-4981-a0e1-6755b986d074	2023-11-02 19:38:52.74402	2023-11-02 19:38:52.74402	MGHKA82b82f	gayumiathapaththu@gmail.com	$2b$10$EkiYxROt6X2XSeu/zuPsBuOqg7qlS1LHlkCIfFqdAEBtSDCNcIwbG	Ms A.M.G.H.K.Athapaththu	presenter	\N	956871816v	University of Colombo 166	\N	166	\N	\N
2e62bd63-82c9-452e-99d3-02f2c2b3d104	2023-11-02 19:38:52.973319	2023-11-02 19:38:52.973319	DJ54c53b	cdjay@ou.ac.lk	$2b$10$dyzKuMQeb2HdJTT1qppZcekhQpQlElhKt74o/OkK/dELkVV6/.UC2	Dr C.D Jayasinghe	presenter	\N	816781795v	The Open University of Sri Lanka 177	\N	177	\N	\N
13e1c601-4d6a-4ac4-947a-4b133e829f22	2023-11-02 19:38:53.252924	2023-11-02 19:38:53.252924	NMdba5c4	weerappuli20nadun@gmail.com	$2b$10$6S5zz2rjXgH75BzqqwbWZeUKSsxmWxFn/yxioQp1o6kmSnjpbVToO	Mr W. N. Madusanka	presenter	\N	952640097V	PGIS 189	\N	189	\N	\N
5f5ff636-9633-4af2-a99c-9799ec310c3b	2023-11-02 19:38:53.513608	2023-11-02 19:38:53.513608	AAWNDbbab40	wayani6586V@gmail.com	$2b$10$L2biv7iiXZiQpmt7/SYWbOPUaIJRvsub/c56SO4wKtOyYQXzH2hai	Ms A.A.A.W.N Dissanayake	presenter	\N	978483658V	University of Kelaniya 203	\N	203	\N	\N
2860d347-a176-4c4f-83dd-9602b4165fa0	2023-11-02 19:38:53.753078	2023-11-02 19:38:53.753078	M92c8e2	mayu.para.siva@gmail.com	$2b$10$zid7LvuEBHXAzvEWYkca.ewA9aNGS/RSw6yVodhO1PZsCZNj5hAgm	Ms S. Mayuri	paid_user	\N	907880583v	 Sri Lanka"  University of Peradeniya "Postgraduate Institute of Science 	\N		\N	\N
47f34727-e6e1-4cb1-81f2-5ba7075c503e	2023-11-02 19:38:52.24302	2023-11-02 19:38:52.24302	ICLDZe98414	isuruchamara8@gmail.com	$2b$10$yNIHP1TgW4pjBlOexdMgNuKI.ZK/UXRrS36lnqgfBFaj9OJQ4r6EG	Mr G.I.C.L De Zoysa	presenter	\N	921790880V	Rajarata University of Sri Lanka 146	\N	146	\N	\N
068a8e69-7579-4797-84ee-d7b088d51955	2023-11-02 19:38:52.53335	2023-11-02 19:38:52.53335	PH56926d	pradeephewage80@gmail.com	$2b$10$MSr.ARimzoOQOB4otchki.JBnJ7OLsjKbuv0uBt1UOEV/kh0Sdc2q	Mr K.P. Hewage	presenter	\N	950162651V	 University of Peradeniya" "Postgraduate Institute of Science 158	\N	158	\N	\N
615ca49e-9d9d-423a-a2b2-1bca7ddc5465	2023-11-02 19:38:52.783401	2023-11-02 19:38:52.783401	PDHNc26712	nawarathnadeshan@gmail.com	$2b$10$IWSKt8F3As/p5/k7jPlsZes/dljK//GhJzj.sJULMSYBM3EOCAgv6	Mr S.P.D.H. Nawarathna	presenter	\N	199728900480	University of Jaffna 168	\N	168	\N	\N
22ed40ea-6488-43a0-9e4e-ea7d4be64044	2023-11-02 19:38:53.043441	2023-11-02 19:38:53.043441	MRTBc0f2fd	e17025@eng.pdn.ac.lk	$2b$10$J0Kb3TlcgjAqdMXu6NMRzONrLotMqcFVxOMtF3LbGCqcsrql53gZC	Mr R. M. R. T. Bandara	presenter	\N	199829502174	 Peradeniya."  University of Peradeniya  Faculty of Engineering "Department of Chemical and Process Engineering 179	\N	179	\N	\N
a60f7e64-8bf4-42f3-bda2-ab6513607950	2023-11-02 19:38:53.263047	2023-11-02 19:38:53.263047	MNKD4fa12c	dissanayken273@gmail.com	$2b$10$sHBiP4UWkk76sDfV1LXcFe2K8CByCoaODQI3eUpxn6QBG62coGHrK	Ms D.M.N.K. Dissanayaka	presenter	\N	926553968 V	 University of Peradeniya  "  Faculty of Science "Department of Mathematics 191	\N	191	\N	\N
a9a49087-27bc-4b23-9e17-5473e816219e	2023-11-02 19:38:53.533031	2023-11-02 19:38:53.533031	AKDHWc21a24	kdhasalanka@gmail.com	$2b$10$ppSB15LdK2wXx8EUlwAXt.1QuyDUxTwhAO08ra14aPGmt2DLnj0Lm	Mr W.A.K.D.H.Withanaarachchi	presenter	\N	980550788V	University of Kelaniya 204	\N	204	\N	\N
3b488de7-050a-4bdc-b039-bbf5ea893c9a	2023-11-02 19:38:53.773172	2023-11-02 19:38:53.773172	SSMb2f81e	envlab@atg-glovesolutions.com	$2b$10$H457s5aFLi1mI7C9F42.zOqk3kuRl.f2pvPZ.es9GjVit/qLKUY9q	Dr A.S.S.Mendis	paid_user	\N	680500908V	ATG ceylon (pvt) ltd 	\N		\N	\N
5e581979-e34a-4ef2-84d4-07fc6bf1abc2	2023-11-02 19:38:52.32408	2023-11-02 19:38:52.32408	MSPB97cd1b	sashini.bandara@sci.pdn.ac.lk	$2b$10$JOxqB0eazIp6QE2bF435R.gd4ssvAsMmS6JhjHcES0WosSuufyhQa	Ms K.M.S.P. Bandara	presenter	\N	978083811V	 University of Peradeniya" "Postgraduate Institute of Science 148	\N	148	\N	\N
0549b160-3779-4743-b27e-697f1d6b10ef	2023-11-02 19:38:52.542778	2023-11-02 19:38:52.542778	DMc08f5c	dhananjimahalekam@gmail.com	$2b$10$oBcthT9CBQIQl/OtcAkJpezC2M.48wabH8AvMjGby.DUja7Bg.Cve	Ms N. D. Mahalekam 	presenter	\N	946850950V 	Postgraduate Institute of Science  159	\N	159	\N	\N
8a4e8fc5-5b01-46ca-b35e-ce9edca7c49c	2023-11-02 19:38:52.842534	2023-11-02 19:38:52.842534	GLMbe21d3	madushanlahirugamage@gmail.com	$2b$10$tbCuvQ3YjoCO8unzAs3WFOlwtU7zxY4HL5.qwlNz23iGY.wVMKJUu	Mr P. G. Lahiru Madushan	presenter	\N	952851004V	University of Ruhuna 170	\N	170	\N	\N
767b35c4-2dfc-45c4-ac33-d33ce44ad6ba	2023-11-02 19:38:53.063456	2023-11-02 19:38:53.063456	MMBCc9d64e	e17039@eng.pdn.ac.lk	$2b$10$h3a1lvRezbLCFYooxktKQe38ixDnEjHMSwXpE4MkqVQ6dQTEr9WHy	Mr K.M.M. Bimsara Chandrasekera	presenter	\N	981933478V	 University of Peradeniya"  Faculty of Engineering "Department of Chemical and Process Engineering 180	\N	180	\N	\N
446a774a-12c9-4c1a-a055-c9468a2bb6fe	2023-11-02 19:38:53.342855	2023-11-02 19:38:53.342855	PPSHP77c384	s17450@sci.pdn.ac.lk	$2b$10$bzg.DmBsPbqBI5pX7nwJduENvMywc2mcTGAQ0Q2/15yDBYHguv9.e	Mr L.P.P.S.H Premarathna	presenter	\N	980191427v	University Of Peradeniya 193	\N	193	\N	\N
1a5f971f-a7ae-49f7-96dc-df07e6a912bb	2023-11-02 19:38:53.57313	2023-11-02 19:38:53.57313	AHEA3a44e1	amarasinghehansi@gmail.com	$2b$10$88kS3FLPu.4vrSGElFDIbecwTjcClyA2TJNSpVMy//pb9L4mxeYyi	Ms A.A.H.E. Amarasinghe	paid_user	\N	977620066v	 University of  Peradeniya"  Faculty of Science "Department of Molecular Biology and Biotechnology 	\N		\N	\N
7c26e023-0f57-4d36-9ad8-7615400d48aa	2023-11-02 19:38:52.333208	2023-11-02 19:38:52.333208	R9ff4e5	vpkuma82@gmail.com	$2b$10$oFiUn72wwKYS9NdZSPgHnekSn8PhnOTGgFSJfBdYRuA1GQOKKDi4i	Mr P.Rajkumar	presenter	\N	823120788V	Jaffna" "Wetland Conservation Society 149	\N	149	\N	\N
98634204-096a-42e7-9095-b0db96c24fd7	2023-11-02 19:38:52.55315	2023-11-02 19:38:52.55315	DTSNJ815c8f	thushanis.jayasundara@gmail.com	$2b$10$.00TexSEiJxeMff3M.WHC.5.6fh/aV4KiIO6LPH9.ULW7pPZZ.yGy	Ms P.D.Thushani Samanthika Niroshani Jayasundara	presenter	\N	957661548 v	University of Peradeniya 160	\N	160	\N	\N
17c8ce15-07e6-4744-ae9a-2906b619b7e3	2023-11-02 19:38:52.812502	2023-11-02 19:38:52.812502	MTIN67003f	indlnaw@gmail.com	$2b$10$ipJ8yJgrVMtwdsWFBigT4O.rB2SchkgWvRtBsNX/f/U1Ccram4lia	Ms N.M.T.Indunil Nawarathna	presenter	\N	908214153V	Postgraduate Institute of Science 169	\N	169	\N	\N
af96c8b6-15c7-4b78-bcc8-98e3b5fb742c	2023-11-02 19:38:53.07297	2023-11-02 19:38:53.07297	DM1d903f	dinithiwalpla@gmail.com	$2b$10$UiKiKovopcKDLljTvTtYS.ugLwRwYP2O68KWyFoVofKvt5yUdT4Da	Ms WALPALA M.D.M.	presenter	\N	976081790V	University of Peradeniya 181	\N	181	\N	\N
a88a09bf-7079-4397-b64b-26b84c36ccdc	2023-11-02 19:38:53.353001	2023-11-02 19:38:53.353001	LNK1ba370	linakhandare@gmail.com	$2b$10$9.Plh4RPYd.cCtSJTfucf.8nAh1kQ0.oUrcReuIXeEsenwWouEGj2	Dr Dr. Lina N Khandare 	presenter	\N	N4229000	 Savitribai Phule Pune University Pune " "Department of Physics 195	\N	195	\N	\N
44dfff29-3058-48c6-934e-9b46c28c9d27	2023-11-02 19:38:53.65378	2023-11-02 19:38:53.65378	BPS62967d	hbsan@ou.ac.lk	$2b$10$z76sJwL5JlIh806leCD2cewuShNst/ocrp2q/.RJfLSSXgKbUxziC	Dr H.B.P.Sandani	paid_user	\N	198860702244	The Open University of Sri Lanka 	\N		\N	\N
ef35ae3f-60ca-47da-82c4-261fefc147f1	2023-11-02 19:38:52.342819	2023-11-02 19:38:52.342819	GPK2483cd	prasadkgsc@gmail.com	$2b$10$hB9fZbAos8z8rsYREoAnR.oEHk4E81wUYkFA7IS5h.ZB7zZ9w7Vbm	Mr P.G.P. Kumara	presenter	\N	940623111v	 University of Peradeniya" "PGIS 151	\N	151	\N	\N
c621d578-de10-466c-809d-cea451337fe1	2023-11-02 19:38:52.643856	2023-11-02 19:38:52.643856	6c40d2	mcaron1@my.westga.edu	$2b$10$vVHW3UR1WmAhO1eWtfP.CeoSvehyANVj4lrfTv.0mZm1trCwEfFFC	Mr Mason A Caron	presenter	\N	991340788V	University of West Georgia 163	\N	163	\N	\N
3658b0b0-3fd0-4134-beb0-84f7624302ef	2023-11-02 19:38:52.873038	2023-11-02 19:38:52.873038	HDTNG5ef645	thiloshanipunajith@gmail.com	$2b$10$qu2hx16jHduSB4eaS6y8r.h3FvuT23lVE6EQyG/rg08y2xLKL7wfy	Mr G. H. D. T. N. Gammanpila	presenter	\N	971710233v	Sabaragamuwa University of Sri Lanka 174	\N	174	\N	\N
a4306f2a-a6f2-4039-836a-ef3b2af224de	2023-11-02 19:38:53.142535	2023-11-02 19:38:53.142535	PD2b9866	piumi1197@gmail.com	$2b$10$L.OaJIOnLaXutlnrBUjUU.7plsWvRnl7WNG4CHEngbyl00Zv0gqL.	Ms P.P. Dilshani	presenter	\N	978470319V	 Sri Lanka" "University of Kelaniya 184	\N	184	\N	\N
5704789d-c24b-439e-864a-840d4eaf3373	2023-11-02 19:38:53.403797	2023-11-02 19:38:53.403797	cc4a09	ukarandeaparna@gmail.com	$2b$10$DHtnssZUVvjsg3mPtvS1a.Tk2iUEUJhjrwM3vtQYmjbBmXAfl6SIq	Ms Aparna Satish Ukarande	presenter	\N	W8382365	Savitribai Phule Pune University 198	\N	198	\N	\N
a2924a00-6783-4034-b724-8d98e5c250c3	2023-11-02 19:38:53.632984	2023-11-02 19:38:53.632984	S5162f2	sathyas@univ.jfn.ac.lk	$2b$10$pk994fZXyXHBrDRIxMBrN.OdKZQ1k8EltQkCSabMdrtzcAbKmlk0a	Ms S. Sathya	paid_user	\N	905932845V	 University of " "Department of Pharmacy 	\N		\N	\N
d0d20317-28d3-4d65-936d-d08001492efc	2023-11-02 19:38:52.342656	2023-11-02 19:38:52.342656	PCe92b76	pathma.chandrika@gmail.com	$2b$10$.KNNnAhRU.i2tV6GQcjIFOXsQJZPmR8CyezUsHVl2rkT.ylzq.UdK	Ms R. P. Chandrika	presenter	\N	936741452V	Postgraduate Institute of Science 150	\N	150	\N	\N
76ca41a4-5f7c-4a26-bce4-3aab3bdd048f	2023-11-02 19:38:52.633228	2023-11-02 19:38:52.633228	RLRG38634c	rasangikagoonawardana@gmail.com	$2b$10$nT/8zCwrrr4c5VYkJrDKSe0yxAhd6EOLY6eA9BTyWpEpCXGUt6mLG	Ms G. R. L. R. Goonawardan	presenter	\N	915253938V	Pai Chai University - South Korea 161	\N	161	\N	\N
59bfbb5f-4fbc-42f9-83e3-e03c6130d7c4	2023-11-02 19:38:52.852561	2023-11-02 19:38:52.852561	BAAKL101b15	a.anubhashani@gmail.com	$2b$10$jm5FZ31QqsGogkOsQYiFTee.oaXywtjQw6YwDlWrRAEuW4W7UmrRq	Ms H.B.A.A.K. Lankanayaka	presenter	\N	965560955V	 University of Sri Jayewardenepura"  Faculty of Technology "Department of Biosystems Technology 173	\N	173	\N	\N
f310eeeb-7282-4549-ba69-ca4c654ffec1	2023-11-02 19:38:53.133399	2023-11-02 19:38:53.133399	IOa5ed25	olajideibk@yahoo.com	$2b$10$76KS7aBTldArQL1BYrOp7uHDSKrRb32mC5yhHMLQ3gX3Gu1qfCiLu	Dr O. I. Olusola	presenter	\N	B50274725	 Nigeria"  Akure "Federal University of Technology 182	\N	182	\N	\N
a45baf4b-4b51-4515-ac15-c86f2641025a	2023-11-02 19:38:53.352835	2023-11-02 19:38:53.352835	c3e91c	swapnilbhosale997@gmail.com	$2b$10$VCzZsTfT1cAONuWU47ZdfuwPZMY8RD8mqmuPhqfJb9DaWeJI35wRW	Mr Swapnil Bhosale	presenter	\N	997	Savitribai Phule Pune Pune University Pune 197	\N	197	\N	\N
0bb183ac-2e4b-4b47-ad7d-fb14aec9452b	2023-11-02 19:38:53.624318	2023-11-02 19:38:53.624318	Scfc4b3	ssinthujah@univ.jfn.ac.lk	$2b$10$.RRkIRGz3fHJ6HkIxPCSMerogluD0fNrgayzKhJAgImK/w7F3QU.i	Dr Sivasinthujah. S	paid_user	\N	198850900486	University of Jaffna  	\N		\N	\N
960fdc95-3d91-46a0-b3a2-1fb6dd4d3ac2	2023-11-02 19:38:52.423058	2023-11-02 19:38:52.423058	ALS5c10fc	ralsanjeewa94@gmail.com	$2b$10$psEldpcjUYefAGZwY9QD7O1QqO73p3awtBX4QshS5BWqGJ9PVkPdC	Mr R.A.L. Sanjeewa	presenter	\N	943214069V	 University of Peradeniya" "Postgraduate Institute Of Science 152	\N	152	\N	\N
2b295d4d-8fe0-437a-a268-49e8d237d7d2	2023-11-02 19:38:52.663555	2023-11-02 19:38:52.663555	19fe3f	jwiley3@my.westga.edu	$2b$10$FgdSrVTcSvV.rlUCsPM7cuDoz.scGTaaot8RzQ7/ztnLQFIp2rYfC	Mr Julian Wiley (JW)	presenter	\N	93824880	University of West Georgia 163	\N	163	\N	\N
65b6e9c7-63f9-48f9-b852-4afa676ba0d4	2023-11-02 19:38:52.923069	2023-11-02 19:38:52.923069	HGR06061e	hasitharodrigo95@gmail.com	$2b$10$PMNK3qtmS1e5ZsWpOQkH4.JKO6BQK3vSDOIUj9/Q.tovwYyu5lZ0O	Mr U.H.G.Rodrigo	presenter	\N	952612492v	Sabaragamuwa University of Sri Lanka 174	\N	174	\N	\N
b44bfcd0-03f1-420c-98f5-51afe508a679	2023-11-02 19:38:53.163048	2023-11-02 19:38:53.163048	PDSL0bd5f3	mpdslakshmi@gmail.com	$2b$10$FjQ.8plRpW81muGCRlXzcunn5.fJRhcWJM9xQALJTAwOMjkQTVxM2	Ms M.P.D.S. Lakshmi	presenter	\N	957351441V	Wayamba University of Sri Lanka 185	\N	185	\N	\N
852c9766-d58c-4996-8709-d75e015dacff	2023-11-02 19:38:53.423202	2023-11-02 19:38:53.423202	06c60c	swapna.gajbhiye73@gmail.com	$2b$10$lz9RQWXS.DIEQvb/.KrO2.2Qgp/ZkfTyU5nfGNVFBaazU0KS3V47K	Ms SWAPNAJA SHRIDHAR GAJBHIYE	presenter	\N	L5136517	PUNE" "BABURAOJI GHOLAP COLLEGE 200	\N	200	\N	\N
94319466-2e97-4e5c-8a79-ff096fac22dc	2023-11-02 19:38:53.674207	2023-11-02 19:38:53.674207	ADdabafb	adangolla@gmail.com	$2b$10$LLg4/jlhGKoRoWNNmI0Nhe4.dIcyecxOtraEl37iJ6WhX7C4FIvoa	Prof. A Dangolla	paid_user	\N	196411801684	Faculty of Veterinary Medicine and Animal Science 	\N		\N	\N
c046bd73-93b6-4efd-91ab-61b847d27d3a	2023-11-02 19:38:52.433047	2023-11-02 19:38:52.433047	862adf	bgopallawa@gmail.com	$2b$10$/q2bgpuvdrjUfoCkXdFx1eZl8iEzKGcJFCHdk24uK9LSbD/1H6ruy	Mr Gopallawa B.	presenter	\N	890560083V	Postgraduate Institute of Science 153	\N	153	\N	\N
1a27da0b-d1ed-4cce-adfb-8c4cc6be9b9b	2023-11-02 19:38:52.66369	2023-11-02 19:38:52.66369	ADd9a3cc	ldesilva@westga.edu	$2b$10$yNelPCQ8qb3YCTjP9QkjEObH6A.meFhnlW5HJDWl78Nt/gpbceAQi	Prof. Ajith DeSilva	presenter	\N	783501211212V	University of West Georgia 163	\N	163	\N	\N
ca544bda-f722-4255-b2eb-7368560fc511	2023-11-02 19:38:52.943608	2023-11-02 19:38:52.943608	DJWG135cc0	wathsalajwg@gmail.com	$2b$10$vdJmIJKLzv200C410xVX/.MGjrdCqUkC7VES2jFeXGuQVUUE8TjGm	Ms W.D.J.W.Gunawardana	presenter	\N	198762903269	University of Colombo 175	\N	175	\N	\N
bebe1fe5-db94-4858-9526-094b335beeb0	2023-11-02 19:38:53.18408	2023-11-02 19:38:53.18408	B2852ae	balasritharan@gmail.com	$2b$10$tYLC1PU8FsnKMLzMWFBJy.M5mTQ4x5iKbwyMuRbbgDai.HiMuShXG	Mr K.BALASRITHARAN 	presenter	\N	762360020V	 UNIVERSITY OF PERADENIYA" "PGIS 186	\N	186	\N	\N
6833258e-8da3-4240-a1f8-86e3a175c219	2023-11-02 19:38:53.43293	2023-11-02 19:38:53.43293	046242	sdesarada@gmail.com	$2b$10$JWXRBRNQ6n3pY0505W55i.wYbVPHSCMGj3Hyt2z86jYtat6jAtSFe	Dr S V Desarada	presenter	\N	W8383619	 Pune" "Savitribai Phule Pune University 201	\N	201	\N	\N
6959d3f1-c20e-40b4-a710-dc63d0aa084f	2023-11-02 19:38:53.723313	2023-11-02 19:38:53.723313	TWacb25c	ishan.weerakoon11@gmail.com	$2b$10$yN6U8pIwLUyFmU.PGFQ1kuVpTArd04uj0whrx1A5Z0ozxQdYRUPia	Mr I.T Weerakoon	paid_user	\N	953241676V	Sabaragamuwa University 	\N		\N	\N
9064d567-fdac-433e-bbef-819b633e1838	2023-11-02 19:38:52.433308	2023-11-02 19:38:52.433308	AK13f332	anukanthage@gmail.com	$2b$10$UHOuXNbrkfXE10uPi789suBHsUspiUuM2wM/N4l0iTxuRdUE33FvW	Ms S.A. Kanthage	presenter	\N	927451654V	POSTGRADUATE INSTITUTE OF SCIENCE (PGIS) UNIVERSITY OF PERADENIYA SRI LANKA 155	\N	155	\N	\N
17c45698-0e04-4310-abc0-dfb95161e12d	2023-11-02 19:38:52.453274	2023-11-02 19:38:52.453274	W4e1bc0	thelumws@gmail.com	$2b$10$22c2zG0uGEsIW9lhAI3.v.XHXQnsBr0mqi8voM1IuqITRv8OJB5S6	Ms T. Wickramasurendra	presenter	\N	907413810V	 University of Peradeniya" "Post Graduate Institute of Science 156	\N	156	\N	\N
bc534ef2-f135-4b05-93e7-e43fd13e7a0c	2023-11-02 19:38:52.743993	2023-11-02 19:38:52.743993	APCP813df3	poornachamini@gmail.com	$2b$10$CTEBx2o0DquPPqL9irSX4.Y7An4Gny0d0vjbZHaTmeB8G.4Xvhv5S	Ms B.A.P. C Premathilake	presenter	\N	915901379V	University of Peradeniya 165	\N	165	\N	\N
6a203fbb-3cf1-4ede-b542-5314000f2f22	2023-11-02 19:38:52.74415	2023-11-02 19:38:52.74415	MDMCSa24818	mahesh.se@nifs.ac.lk	$2b$10$4/zdaWIKHjiaosPthxIYWuevzr7WuBmJeSg5/IF2GCRNEhs89ayzi	Mr S.M.D.M.C.Senarathna	presenter	\N	933531368V	National Institute of Fundamental Studies 164	\N	164	\N	\N
cdf48f29-46c0-491a-a5b3-1920481b8452	2023-11-02 19:38:52.963982	2023-11-02 19:38:52.963982	EGd69579	indeewariegunaratna@gmail.com	$2b$10$bGw2j/ASUcJ.7ruAUz0X.eVX7F3iY6C9dvBSKoCuuj8HhvK7scNUq	Dr I. E. Gunaratna	presenter	\N	197860702999	 Ministry of Health" "Anti Filariasis Campaign 176	\N	176	\N	\N
5db50a8b-526e-4bc7-9572-adfd705ef810	2023-11-02 19:38:53.043322	2023-11-02 19:38:53.043322	A0b39d6	arthiyan.s@gmail.com	$2b$10$X2Y2HWYdQxvMxz4NPeHeTuP7MTuELlYlMLO9ANocZgEhH1GDPsBxe	Mr S.Arthiyan	presenter	\N	902932623V	 University of Jaffna" "Department of Zoology 178	\N	178	\N	\N
8f5b4ef1-d256-4b25-8e3a-20d55ae0419e	2023-11-02 19:38:53.243154	2023-11-02 19:38:53.243154	KNFc9e7f2	kaveefdo97@gmail.com	$2b$10$2RMRbghlNMd1DrY7EddJRuTtYrGSWG9.iLsiOJECwzOHCfXnwiu0C	Ms K.K.N.Fernando	presenter	\N	199776102985	 Srilanka " "University of Kelaniya 188	\N	188	\N	\N
ec9dcb14-a42d-4fcd-9872-9de423a9af2e	2023-11-02 19:38:53.293627	2023-11-02 19:38:53.293627	MDE13a248	deepthiekanayake0@gmail.com	$2b$10$Lu1GGXGeevwzTUjqSWe9zO6s2DLdbiqgc4GQXSBZUvu1Fk2iqaHWS	Ms E.M.D. Ekanayake 	presenter	\N	936692524 V	 university of Peradeniya "  faculty of science "Department of Zoology 192	\N	192	\N	\N
e6347702-2a52-47b5-9fac-40f4a4f26833	2023-11-02 19:38:53.463472	2023-11-02 19:38:53.463472	c23ea0	priyankalondhe@ymail.com	$2b$10$Vxaoa.yFUe3/cihUGyQD4O/y8pPyTSKWUF9pym2E1Y0Gd7PzKiw6a	Dr Priyanka Londhe	presenter	\N	N3725592	 India"  Pune "CMET 202	\N	202	\N	\N
768ccbc7-572c-4664-a8b0-55b50ea7619f	2023-11-02 19:38:53.543376	2023-11-02 19:38:53.543376	WMMKD54bab0	gwmmkduor@gmail.com	$2b$10$ibYrCp4kupGfwOPIeiwJMOpxpzlPZxpbv1tI8v9nQMyvgU8gv/y.W	Ms G.W.M.M.K. Dheerasinghe	presenter	\N	936491251V	University of Ruhuna 205	\N	205	\N	\N
65960224-80b0-441b-91e2-4dddaf3400ca	2023-11-02 19:38:53.74306	2023-11-02 19:38:53.74306	WAIPK692c08	inokap@sci.pdn.ac.lk	$2b$10$uLNAswIskAmHxP0Qa5aEeuvtlt5r0ZBUV93wxD81g5sMKJ4eGREV6	Prof. W.A.I.P. Karunaratne	paid_user	\N	716233405V	University of Peradeniya 	\N		\N	\N
fed64cb8-6eaf-433c-b44f-d9db352d1349	2023-11-02 19:38:53.832563	2023-11-02 19:38:53.832563	AARB3286d9	envlab@atg-glovesolutions.com	$2b$10$GBnUTXcWWrQm88FiTohMjuXQufg.HkqzCSp487ostFKoiecpJ/ePS	Mr B.A.A.R. Balasooriya	paid_user	\N	19808900574	ATG ceylon (pvt) ltd 	\N		\N	\N
08178e93-40f7-4be8-8aeb-0d509dfc4277	2023-11-02 19:38:49.373976	2023-11-03 00:07:05.271459	HSMG8c25e8	shashimadhushanka2@gmail.com	$2b$10$OgtRK30LrfooE0WpGnKe7.zPWHpGe12mHFQR.bCj6G9.AiX6XazRm	Mr B.H.S.M. Gunawardana	presenter	\N	900801114v	Postgraduate Institute of Science 4	t	4	11/3/2023	\N
\.


--
-- Name: panal_discussions PK_0070f61d6c0250b79d657116298; Type: CONSTRAINT; Schema: public; Owner: rescon
--

ALTER TABLE ONLY public.panal_discussions
    ADD CONSTRAINT "PK_0070f61d6c0250b79d657116298" PRIMARY KEY (id);


--
-- Name: sessions PK_3238ef96f18b355b671619111bc; Type: CONSTRAINT; Schema: public; Owner: rescon
--

ALTER TABLE ONLY public.sessions
    ADD CONSTRAINT "PK_3238ef96f18b355b671619111bc" PRIMARY KEY (id);


--
-- Name: plenary_talks PK_628280c767ffe7c897d7576e110; Type: CONSTRAINT; Schema: public; Owner: rescon
--

ALTER TABLE ONLY public.plenary_talks
    ADD CONSTRAINT "PK_628280c767ffe7c897d7576e110" PRIMARY KEY (id);


--
-- Name: session_items PK_93fe81b2d7f672603a7bf19382f; Type: CONSTRAINT; Schema: public; Owner: rescon
--

ALTER TABLE ONLY public.session_items
    ADD CONSTRAINT "PK_93fe81b2d7f672603a7bf19382f" PRIMARY KEY (id);


--
-- Name: session_chairs PK_9fdb892f2352662c17305e9ea34; Type: CONSTRAINT; Schema: public; Owner: rescon
--

ALTER TABLE ONLY public.session_chairs
    ADD CONSTRAINT "PK_9fdb892f2352662c17305e9ea34" PRIMARY KEY (session_id, session_chair_id);


--
-- Name: users PK_a3ffb1c0c8416b9fc6f907b7433; Type: CONSTRAINT; Schema: public; Owner: rescon
--

ALTER TABLE ONLY public.users
    ADD CONSTRAINT "PK_a3ffb1c0c8416b9fc6f907b7433" PRIMARY KEY (id);


--
-- Name: roles PK_c1433d71a4838793a49dcad46ab; Type: CONSTRAINT; Schema: public; Owner: rescon
--

ALTER TABLE ONLY public.roles
    ADD CONSTRAINT "PK_c1433d71a4838793a49dcad46ab" PRIMARY KEY (id);


--
-- Name: roles UQ_648e3f5447f725579d7d4ffdfb7; Type: CONSTRAINT; Schema: public; Owner: rescon
--

ALTER TABLE ONLY public.roles
    ADD CONSTRAINT "UQ_648e3f5447f725579d7d4ffdfb7" UNIQUE (name);


--
-- Name: sessions UQ_9340188c93349808f10d1db74a8; Type: CONSTRAINT; Schema: public; Owner: rescon
--

ALTER TABLE ONLY public.sessions
    ADD CONSTRAINT "UQ_9340188c93349808f10d1db74a8" UNIQUE (session_id);


--
-- Name: IDX_14e57012eb4717bd686b8cbaa2; Type: INDEX; Schema: public; Owner: rescon
--

CREATE INDEX "IDX_14e57012eb4717bd686b8cbaa2" ON public.session_chairs USING btree (session_id);


--
-- Name: IDX_854f05eee1caae7decd9130d4d; Type: INDEX; Schema: public; Owner: rescon
--

CREATE INDEX "IDX_854f05eee1caae7decd9130d4d" ON public.session_chairs USING btree (session_chair_id);


--
-- Name: session_chairs FK_14e57012eb4717bd686b8cbaa24; Type: FK CONSTRAINT; Schema: public; Owner: rescon
--

ALTER TABLE ONLY public.session_chairs
    ADD CONSTRAINT "FK_14e57012eb4717bd686b8cbaa24" FOREIGN KEY (session_id) REFERENCES public.sessions(session_id) ON UPDATE CASCADE ON DELETE SET NULL;


--
-- Name: users FK_39f0c2dc962af79c0dabfed43eb; Type: FK CONSTRAINT; Schema: public; Owner: rescon
--

ALTER TABLE ONLY public.users
    ADD CONSTRAINT "FK_39f0c2dc962af79c0dabfed43eb" FOREIGN KEY (role_name) REFERENCES public.roles(name);


--
-- Name: session_chairs FK_854f05eee1caae7decd9130d4d6; Type: FK CONSTRAINT; Schema: public; Owner: rescon
--

ALTER TABLE ONLY public.session_chairs
    ADD CONSTRAINT "FK_854f05eee1caae7decd9130d4d6" FOREIGN KEY (session_chair_id) REFERENCES public.users(id) ON UPDATE CASCADE ON DELETE SET NULL;


--
-- Name: session_items FK_adf2dab2d30bb46e4490a684182; Type: FK CONSTRAINT; Schema: public; Owner: rescon
--

ALTER TABLE ONLY public.session_items
    ADD CONSTRAINT "FK_adf2dab2d30bb46e4490a684182" FOREIGN KEY (presenter_id) REFERENCES public.users(id);


--
-- Name: plenary_talks FK_b06ba039733701745a59f162686; Type: FK CONSTRAINT; Schema: public; Owner: rescon
--

ALTER TABLE ONLY public.plenary_talks
    ADD CONSTRAINT "FK_b06ba039733701745a59f162686" FOREIGN KEY (session_id) REFERENCES public.sessions(session_id) ON UPDATE CASCADE ON DELETE SET NULL;


--
-- Name: panal_discussions FK_c1a69c2661806c2e1c6fc4c77cf; Type: FK CONSTRAINT; Schema: public; Owner: rescon
--

ALTER TABLE ONLY public.panal_discussions
    ADD CONSTRAINT "FK_c1a69c2661806c2e1c6fc4c77cf" FOREIGN KEY (session_id) REFERENCES public.sessions(session_id) ON UPDATE CASCADE ON DELETE SET NULL;


--
-- Name: session_items FK_fe6bd73f766fde90aa0854452b6; Type: FK CONSTRAINT; Schema: public; Owner: rescon
--

ALTER TABLE ONLY public.session_items
    ADD CONSTRAINT "FK_fe6bd73f766fde90aa0854452b6" FOREIGN KEY (session_id) REFERENCES public.sessions(session_id) ON UPDATE CASCADE ON DELETE SET NULL;


--
-- PostgreSQL database dump complete
--

