--
-- PostgreSQL database dump
--

-- Dumped from database version 16.2 (Debian 16.2-1.pgdg120+2)
-- Dumped by pg_dump version 16.2 (Debian 16.2-1.pgdg120+2)

SET statement_timeout = 0;
SET lock_timeout = 0;
SET idle_in_transaction_session_timeout = 0;
SET client_encoding = 'UTF8';
SET standard_conforming_strings = on;
SELECT pg_catalog.set_config('search_path', '', false);
SET check_function_bodies = false;
SET xmloption = content;
SET client_min_messages = warning;
SET row_security = off;

--
-- Name: uuid-ossp; Type: EXTENSION; Schema: -; Owner: -
--

CREATE EXTENSION IF NOT EXISTS "uuid-ossp" WITH SCHEMA public;


--
-- Name: EXTENSION "uuid-ossp"; Type: COMMENT; Schema: -; Owner: 
--

COMMENT ON EXTENSION "uuid-ossp" IS 'generate universally unique identifiers (UUIDs)';


SET default_tablespace = '';

SET default_table_access_method = heap;

--
-- Name: panal_discussions; Type: TABLE; Schema: public; Owner: rescon
--

CREATE TABLE public.panal_discussions (
    id uuid DEFAULT public.uuid_generate_v4() NOT NULL,
    created_at timestamp without time zone DEFAULT now() NOT NULL,
    updated_at timestamp without time zone DEFAULT now() NOT NULL,
    session_id character varying,
    start_time time without time zone NOT NULL,
    end_time time without time zone NOT NULL
);


ALTER TABLE public.panal_discussions OWNER TO rescon;

--
-- Name: plenary_talks; Type: TABLE; Schema: public; Owner: rescon
--

CREATE TABLE public.plenary_talks (
    id uuid DEFAULT public.uuid_generate_v4() NOT NULL,
    created_at timestamp without time zone DEFAULT now() NOT NULL,
    updated_at timestamp without time zone DEFAULT now() NOT NULL,
    start_time time without time zone NOT NULL,
    end_time time without time zone NOT NULL,
    presenter character varying NOT NULL,
    location character varying NOT NULL,
    session_id character varying
);


ALTER TABLE public.plenary_talks OWNER TO rescon;

--
-- Name: roles; Type: TABLE; Schema: public; Owner: rescon
--

CREATE TABLE public.roles (
    id uuid DEFAULT public.uuid_generate_v4() NOT NULL,
    created_at timestamp without time zone DEFAULT now() NOT NULL,
    updated_at timestamp without time zone DEFAULT now() NOT NULL,
    name text NOT NULL
);


ALTER TABLE public.roles OWNER TO rescon;

--
-- Name: session_chairs; Type: TABLE; Schema: public; Owner: rescon
--

CREATE TABLE public.session_chairs (
    session_id character varying NOT NULL,
    session_chair_id uuid NOT NULL
);


ALTER TABLE public.session_chairs OWNER TO rescon;

--
-- Name: session_items; Type: TABLE; Schema: public; Owner: rescon
--

CREATE TABLE public.session_items (
    id uuid DEFAULT public.uuid_generate_v4() NOT NULL,
    created_at timestamp without time zone DEFAULT now() NOT NULL,
    updated_at timestamp without time zone DEFAULT now() NOT NULL,
    start_time time without time zone NOT NULL,
    end_time time without time zone NOT NULL,
    title character varying,
    presenter_id uuid,
    session_id character varying,
    abstract_id integer,
    via character varying
);


ALTER TABLE public.session_items OWNER TO rescon;

--
-- Name: sessions; Type: TABLE; Schema: public; Owner: rescon
--

CREATE TABLE public.sessions (
    id uuid DEFAULT public.uuid_generate_v4() NOT NULL,
    created_at timestamp without time zone DEFAULT now() NOT NULL,
    updated_at timestamp without time zone DEFAULT now() NOT NULL,
    start_time time without time zone NOT NULL,
    end_time time without time zone NOT NULL,
    date date NOT NULL,
    session_id character varying NOT NULL,
    session_chair_ids text,
    session_item_ids text,
    panal_discussion_ids text,
    plenary_talk_ids text,
    category character varying NOT NULL,
    location character varying
);


ALTER TABLE public.sessions OWNER TO rescon;

--
-- Name: users; Type: TABLE; Schema: public; Owner: rescon
--

CREATE TABLE public.users (
    id uuid DEFAULT public.uuid_generate_v4() NOT NULL,
    created_at timestamp without time zone DEFAULT now() NOT NULL,
    updated_at timestamp without time zone DEFAULT now() NOT NULL,
    username character varying NOT NULL,
    email character varying NOT NULL,
    password character varying NOT NULL,
    name character varying,
    role_name text,
    chairing_sessions text,
    nic character varying,
    presenting_sessions text,
    institute character varying,
    registered boolean,
    "registeredAt" character varying,
    "studentRegNo" character varying
);


ALTER TABLE public.users OWNER TO rescon;

--
-- Data for Name: panal_discussions; Type: TABLE DATA; Schema: public; Owner: rescon
--

COPY public.panal_discussions (id, created_at, updated_at, session_id, start_time, end_time) FROM stdin;
60a3976e-98e2-4af1-bdc2-a448fadae38f	2024-04-26 13:18:33.378147	2024-04-26 13:18:33.378147	ICTMS2	15:15:00	15:30:00
84bf1bf3-25e6-44de-bcb5-678442a2d886	2024-04-26 13:18:33.387871	2024-04-26 13:18:33.387871	LS3	15:45:00	16:00:00
6ae1d520-074b-4623-9fc1-eb6fe06f5042	2024-04-26 13:18:33.387656	2024-04-26 13:18:33.387656	ICTMS4	12:15:00	12:30:00
bba89373-21a9-4410-b94c-633db16d9376	2024-04-26 13:18:33.387347	2024-04-26 13:18:33.387347	LS5	09:45:00	10:00:00
9ec05f6b-96f5-44ad-b975-213cc2f3e2d9	2024-04-26 13:18:33.387265	2024-04-26 13:18:33.387265	ICTMS3	09:15:00	09:30:00
3457ef38-a9e7-4629-a73a-a65c6fcaf0d4	2024-04-26 13:18:33.387368	2024-04-26 13:18:33.387368	ICTMS1	12:15:00	12:30:00
2ac0c5cf-6083-4e48-9ca5-15451f8db199	2024-04-26 13:18:33.387563	2024-04-26 13:18:33.387563	ICTMS5	15:00:00	15:15:00
7639bc4c-aa13-4fed-b2f2-179565eaa277	2024-04-26 13:18:33.387871	2024-04-26 13:18:33.387871	LS2	12:30:00	01:00:00
0379d34d-ea0d-4421-8d69-45792ca0088a	2024-04-26 13:18:33.387696	2024-04-26 13:18:33.387696	LS4	15:45:00	16:00:00
c061c082-f399-4337-bc15-a509debfaa26	2024-04-26 13:18:33.387365	2024-04-26 13:18:33.387365	LS1	12:45:00	01:00:00
f4c3b07a-7ff0-42f5-bea6-25f0b6241f1b	2024-04-26 13:18:33.477364	2024-04-26 13:18:33.477364	LS6	09:45:00	10:00:00
65b1ef8d-f608-4bd3-b7cf-5b95f85373fd	2024-04-26 13:18:33.487093	2024-04-26 13:18:33.487093	PS4	15:30:00	15:45:00
40acdcce-7c17-488b-9a2c-84e103b99b09	2024-04-26 13:18:33.48711	2024-04-26 13:18:33.48711	LS9	15:15:00	15:30:00
65361feb-b84d-4c01-99d0-145d3bc25353	2024-04-26 13:18:33.497297	2024-04-26 13:18:33.497297	LS7	12:15:00	12:30:00
f3dc0025-2c67-4954-bb89-4c8d3f43b48c	2024-04-26 13:18:33.487161	2024-04-26 13:18:33.487161	PS1	13:00:00	13:15:00
e156829e-53e3-4f70-8060-e7abd618c5a3	2024-04-26 13:18:33.487124	2024-04-26 13:18:33.487124	LS8	12:15:00	12:30:00
c40f377a-7d33-4276-9cf0-1d46c0ad05a3	2024-04-26 13:18:33.497115	2024-04-26 13:18:33.497115	PS2	13:00:00	13:15:00
010c40f6-ca10-408d-a54f-332de31fc007	2024-04-26 13:18:33.497127	2024-04-26 13:18:33.497127	PS6	15:45:00	16:00:00
88f438e4-63a0-4b6d-a525-acad4a6e441b	2024-04-26 13:18:33.497287	2024-04-26 13:18:33.497287	PS3	15:45:00	16:00:00
9d5ef74b-738a-4878-a8b7-03e0be540916	2024-04-26 13:18:33.497119	2024-04-26 13:18:33.497119	PS5	10:00:00	01:15:00
c5445b12-5b40-40c6-bd7b-234b160e22c4	2024-04-26 13:18:33.577736	2024-04-26 13:18:33.577736	EES1	13:00:00	13:15:00
14a7703e-90ad-405b-8a18-a2e839f65a02	2024-04-26 13:18:33.587023	2024-04-26 13:18:33.587023	EES3	09:45:00	10:00:00
c3ecc890-97bd-482d-bcf5-e7ed48affaeb	2024-04-26 13:18:33.587036	2024-04-26 13:18:33.587036	EES2	15:45:00	16:00:00
d7bdc00a-3146-40da-a089-ed1ef34a5b97	2024-04-26 13:18:33.596835	2024-04-26 13:18:33.596835	EES5	15:30:00	15:45:00
d4099d46-e0fc-45bd-910d-2c0c55a0850b	2024-04-26 13:18:33.59699	2024-04-26 13:18:33.59699	SE1	12:15:00	12:30:00
f5903a8c-f80c-4ac2-b124-fd2e391407ae	2024-04-26 13:18:33.596954	2024-04-26 13:18:33.596954	EES4	11:45:00	12:00:00
63a06308-4097-4497-a934-66e0400e12d6	2024-04-26 13:18:33.617082	2024-04-26 13:18:33.617082	SE2	15:15:00	15:30:00
\.


--
-- Data for Name: plenary_talks; Type: TABLE DATA; Schema: public; Owner: rescon
--

COPY public.plenary_talks (id, created_at, updated_at, start_time, end_time, presenter, location, session_id) FROM stdin;
f21c923f-3a72-4fd9-a80b-ee635c589fc9	2024-04-26 13:19:43.358527	2024-04-26 13:19:43.358527	13:30:00	14:00:00	Prof. Danny O'Hare	Conference Hall Block C	PS6
1cc5a5cf-e403-4050-a366-19bb4b60d816	2024-04-26 13:19:43.358341	2024-04-26 13:19:43.358341	11:00:00	11:30:00	Prof. Johannes Barth	Conference Hall Block C	EES1
0ad74b55-40d8-4d39-8cfb-3070153d484e	2024-04-26 13:19:43.358321	2024-04-26 13:19:43.358321	10:30:00	11:00:00	Dr. Chaminda Ranasinghe	Conference Hall Block C	ICTMS4
6de99b79-747f-4848-8be7-a475295ccdc8	2024-04-26 13:19:43.358619	2024-04-26 13:19:43.358619	13:30:00	14:00:00	Prof. Shironica Karunanayake	Auditorium Block A	SE2
\.


--
-- Data for Name: roles; Type: TABLE DATA; Schema: public; Owner: rescon
--

COPY public.roles (id, created_at, updated_at, name) FROM stdin;
6d840261-20b4-4d85-bed0-74d7272f4be1	2024-04-26 13:16:56.228354	2024-04-26 13:16:56.228354	session_chair
eaa51525-8161-4d3f-a9a0-37607318d5aa	2024-04-26 13:16:56.228127	2024-04-26 13:16:56.228127	paid_user
055fdb1b-965f-4275-9f4d-d14775834eed	2024-04-26 13:16:56.228298	2024-04-26 13:16:56.228298	presenter
b5caf94d-26d9-4a02-ba61-6f4f86c30709	2024-04-26 13:16:56.237195	2024-04-26 13:16:56.237195	student
\.


--
-- Data for Name: session_chairs; Type: TABLE DATA; Schema: public; Owner: rescon
--

COPY public.session_chairs (session_id, session_chair_id) FROM stdin;
ICTMS1	84741eba-2da8-4ceb-946f-6f9fe4bb600a
LS5	070d1541-e5c8-4ae7-9ad9-ee934f2a7a9b
PS1	e9b4301b-40e1-4462-9a1e-c941e80ceea7
PS6	dba321ab-eea2-4103-a77c-41e1684feb4e
EES5	425b1f3e-8bc8-4c85-969f-095b670b1396
ICTMS3	8a55cc56-6f3d-4298-a6d6-a70cc0080ef0
LS4	9c9d4561-91e0-42af-b0f3-600a1a2df491
LS8	a720e892-d1ed-43f2-b30a-a2bd0f6d4516
PS5	8225ee46-775a-4d97-a0b1-2cac524b51d9
EES3	d4a1cebe-540d-48a6-aa95-e05343545673
ICTMS2	77075316-ee40-45e9-864c-972ec269865a
LS2	0034ace0-294d-42f1-9929-c589a02ed605
LS6	fc9dda02-a3ec-4fe5-81aa-a299aa0459cc
PS2	a02cad7c-3fd2-4fae-a1f3-7c15ce33ece0
EES1	97cc5fd3-9ed5-450f-9695-66647ae15fa0
SE1	e8ae3408-29f3-4328-8e19-e96f9ec80536
ICTMS1	800848a9-2d80-44b2-ad2d-53c8fee556f8
LS1	32ac0e0a-1662-421b-9325-5f26e15163dc
LS6	75fd39fc-e0b0-40c5-bdca-b6ab25a751ad
PS2	d3d9bffc-419a-48b6-9da2-9139d7e703db
EES1	09536b9e-2c5c-4c10-a4ea-af70ec411234
SE1	531c844c-dc7b-4b72-9d3e-e94ac178d1aa
ICTMS2	cd46f2f0-b9c4-4c09-9355-a23565e42fa5
LS1	ac49ccee-eba2-4c9d-ac0c-cff2ad6b762f
LS7	f70e99d5-9a3a-4f74-a059-bcebd0a8b9ed
PS3	e3f314ac-360a-48f5-8fa1-92a737837def
EES2	ecf1f6fd-f80a-4c02-9bc9-93fd681cc4d7
SE2	b57e8873-24af-4c00-a98f-999083ca6f6c
ICTMS5	8f050edc-17d2-40a7-bd0c-46bf5e3d3e4c
LS2	fb6b1fb2-6999-4ac1-99ea-135f70ef238b
LS7	1cad0059-cc1f-45ed-8068-8552449cb35b
PS3	a106be69-31e8-4dc4-8e90-b4f42a46dd9b
EES2	fbdd77d8-e3eb-42c6-a127-898841813b89
SE2	ab9a9fd0-8653-4fd3-9bf3-f16511b22808
ICTMS4	9f9a56d3-69a9-46ce-830b-362b14e37e38
LS5	353e0a90-38da-4a3f-9529-d78fb76eda33
PS1	e768db73-e626-4a6f-905f-e5cc055d2b33
PS6	f997f225-8ce7-4ff9-a1de-ee98e57add49
EES5	949cb6e3-1ec5-48e1-a4a1-be6a8c6855c0
ICTMS3	f83f2c5b-0933-455d-8fc3-23ebae7c1fa3
LS3	ab590937-df9d-4660-b933-3a8a31230f6c
LS9	e128790e-2964-4124-a05d-43115ec9ed7b
PS5	9a5cd154-337c-4e65-8a4c-20a3065ab990
EES4	224e5dd6-4eb9-453b-b99f-14ed559641ee
ICTMS5	e410f3ab-ff03-49a7-8e2e-425b89fd8d24
LS3	ae81d4f5-28b6-410b-a167-dbf10f302a5b
LS9	71c28eb6-1069-4bd4-9d85-3608b6a1fb44
PS4	9ed63a23-5a19-4eac-8c8a-e25227af34ee
EES4	c4b4cb50-fb37-4710-be92-9642f3e275f8
ICTMS4	329249a3-ed4d-4ebb-8740-6529c0909b8b
LS4	69b68f97-c228-4de8-b749-c10f1f5a0b50
LS8	73bd2523-987b-411a-ab37-310ffd5bb79a
PS4	a205f32b-279a-489e-932c-cfa105d86a81
EES3	3adbc542-0900-4017-8fff-aa02ca1177f4
\.


--
-- Data for Name: session_items; Type: TABLE DATA; Schema: public; Owner: rescon
--

COPY public.session_items (id, created_at, updated_at, start_time, end_time, title, presenter_id, session_id, abstract_id, via) FROM stdin;
330433ff-0678-480e-a18f-903a72b5a441	2024-04-26 13:12:40.268757	2024-04-26 13:12:40.268757	14:15:00	14:30:00	CONVERGENCE OF FINITE DIFFERENCE METHOD FOR AGE-STRUCTURED TWO-SEX POPULATION DYNAMICS MODEL FOR THALASSEMIA TRANSMISSION	\N	ICTMS2	140	\N
0b92743f-4f7a-40a9-9788-b0922d5d4c88	2024-04-26 13:12:41.287036	2024-04-26 13:12:41.287036	12:45:00	01:00:00	Synthesis of Sb2Te3 nanoparticles by a cost-effective hydrothermal technique and its photodetector applications.	\N	PS2	196	zoom
5edd202d-dd98-45d6-83d8-a127e584d486	2024-04-26 13:12:40.806544	2024-04-26 13:12:40.806544	08:00:00	08:15:00	IN SILICO ANALYSIS OF KEY GLYCOSYL HYDROLASE GENE FAMILIES IN ASIAN COTTON (GOSSYPIUM ARBOREUM): INSIGHTS FOR ENHANCING COTTON GENETICS	\N	LS6	50	\N
c22c3aed-8056-4862-a7d9-6f0118e6e855	2024-04-26 13:12:40.906667	2024-04-26 13:12:40.906667	11:15:00	11:30:00	EFFICACY OF THE INSECT GROWTH REGULATOR NOVALURON IN THE CONTROL OF DENGUE VECTOR MOSQUITOES	b4da9aaa-bc78-4f20-a752-813a0caa4963	LS7	114	\N
43a4a4ea-77f5-412f-8598-60f3b7376d0d	2024-04-26 13:12:41.006667	2024-04-26 13:12:41.006667	12:00:00	12:15:00	ISOLATION AND IDENTIFICATION OF A NOVAL AND EFFICIENT CELLULOSE DEGRADING FUNGAL SPECIES; Aspergillus nomius FROM SOIL SAMPLES	018f834e-4527-46bf-a18e-2b1ed2eeb96a	LS8	142	\N
c68b1814-44fa-4bc2-9892-0f6350c6a2b7	2024-04-26 13:12:41.116687	2024-04-26 13:12:41.116687	11:30:00	11:45:00	Modeling Copper Ion Adsorption On Kaolinite By In-situ Measurement of Free Metal Ion Activities	e72bfda2-b401-4fe0-a7d1-907831d3ae9a	PS1	54	\N
a3fed200-45a0-47a5-8c19-1e226ba35bb4	2024-04-26 13:12:41.217163	2024-04-26 13:12:41.217163	11:45:00	12:00:00	THE ENHANCEMENT OF THERMOELECTRIC PROPERTIES OF COPPER IODIDE THROUGH DOPING	98e1acef-fbe5-4edd-85fc-1489617a591f	PS2	119	\N
35f394d8-3490-41bf-b0bc-0eda91c3359e	2024-04-26 13:12:41.326953	2024-04-26 13:12:41.326953	15:30:00	15:45:00	ANTIOXIDANT ACTIVITY COMPARISON OF COMMON DIFFERENT CURRY LEAVES VARIETIES IN SRI LANKA	2970993a-bfcb-4376-8b09-64e82ad84a6e	PS3	139	\N
ab318ac7-b678-4d14-a147-8daa8930e2c1	2024-04-26 13:12:41.426624	2024-04-26 13:12:41.426624	08:30:00	08:45:00	OPTIMIZATION OF EFFICIENCY IN DYE-SENSITIZED SOLAR CELLS BY THE INFUSION OF GRAPHENE TO PHOTOANODE	73f5390b-4161-4d6f-8fd2-1f4285fb8fb9	PS5	150	\N
c1c2f77f-0174-49b6-845c-fba2dc2a0506	2024-04-26 13:12:41.527369	2024-04-26 13:12:41.527369	15:15:00	15:30:00	NANOCOCRYSTALLIZATION OF UREA:4-HYDROXYBENZOIC ACID USING SONOCHEMICAL METHODS	d154af65-50f0-481d-bae7-797d74bf61b0	PS6	181	\N
6e2970c4-b147-4224-9217-5fbce7c0e90d	2024-04-26 13:12:41.626843	2024-04-26 13:12:41.626843	14:45:00	15:00:00	THE ROLE OF PHYSICAL CHARACTERS IN CHANGING THE ABUNDANCE OF CRITICALLY ENDANGERED,  POINT ENDEMIC PETHIYA BANDULA	6859e885-2fdf-409b-8a01-500917341beb	EES2	128	\N
2e2e9ddd-a19c-47ae-9039-1cd472a776e3	2024-04-26 13:12:41.726701	2024-04-26 13:12:41.726701	09:30:00	09:45:00	A COMPARISON OF BIRD DIVERSITY BETWEEN THE CORE AREA AND THE BUFFER ZONE OF BODHINAGALA FOREST RESERVE,  SOUTH-WESTERN SRI LANKA	3a45093f-2dd4-486c-948b-e5047f827153	EES3	189	\N
3847af1a-311b-4625-831b-b10ae8395015	2024-04-26 13:12:41.826814	2024-04-26 13:12:41.826814	14:30:00	14:45:00	INVESTIGATION OF RELEASE AND DETERIORATION OF CHRYSOTILE FIBRES IN CORRUGATED ASBESTOS-CEMENT ROOFING SHEETS	4b721eb3-01be-4d03-879e-8ff21186152c	EES5	152	\N
963cd716-36a3-4e71-a586-32d6e88e54ae	2024-04-26 13:12:41.936676	2024-04-26 13:12:41.936676	14:15:00	14:30:00	Implementing Inquiry-Based Learning Approach to Improve Synthesis Skills Among Science Undergraduates	ee80ebe2-d094-4b36-a73b-5fce04513492	SE2	13	\N
7fb32908-4760-48e3-a5e8-e3be04e6e8f0	2024-04-26 13:12:40.977023	2024-04-26 13:12:40.977023	10:30:00	10:45:00	IN VITRO SCREENING OF ANTAGONISTIC ACTIVITY OF SOME BACTERIAL ISOLATES AGAINST Colletotrichum sp. CAUSING ANTHRACNOSE DISEASE IN TOMATO	\N	LS8	45	\N
fc4229a9-02f3-4f20-a679-54933850b864	2024-04-26 13:12:40.877701	2024-04-26 13:12:40.877701	09:00:00	09:15:00	CALMODULIN-BINDING TRANSCRIPTION ACTIVATOR (CAMTA) GENES IN SOYBEAN AND THEIR EXPRESSION ANALYSIS	87ab6bb3-6564-4c2b-8254-5432cb6253c7	LS6	141	\N
f3d69d65-0bf0-4631-b0ca-deeb59b62cb6	2024-04-26 13:12:41.077147	2024-04-26 13:12:41.077147	13:45:00	14:00:00	IDENTIFICATION OF POTENTIAL HER2 INHIBITORS FROM PHYTOCHEMICALS USING COMPUTER-AIDED DRUG DESIGN	6ce25b5f-5bec-471c-b21e-dd1448188446	LS9	99	\N
8e876a28-2edc-48c5-a384-81ecae37f6f5	2024-04-26 13:12:41.177067	2024-04-26 13:12:41.177067	12:45:00	01:00:00	ADSORPTIVE REMOVAL OF AMOXICILLIN USING MONTMORILLONITE BARIUM TITANATE NANOCOMPOSITE IN AN AQUEOUS MEDIUM	212f338f-44d2-4200-97a4-5f88d42e96be	PS1	179	\N
b7834f2c-a395-4899-b6de-4cba0cf9231b	2024-04-26 13:12:41.276616	2024-04-26 13:12:41.276616	12:30:00	12:45:00	Layered Marigold-Flower-like CdS/MoS2-reduced Graphene Oxide Nanocomposite as an Efficient Electrode Material for Supercapacitor	73d340dd-ee94-4203-960f-2fb4abfc417a	PS2	195	zoom
ceb7c337-2d34-45b2-8891-d214d73dbbdd	2024-04-26 13:12:41.377403	2024-04-26 13:12:41.377403	14:00:00	14:15:00	RAPID SYNTHESIS OF PHYTOGENIC SILVER NANOPARTICLES MEDIATED BY PUMPKIN BYPRODUCTS AND EVALUATION OF THEIR ANTIOXIDANT POTENTIAL	3e4da387-a017-4ef0-8375-5b2b77729ada	PS4	32	\N
39c2c009-b8ad-4b03-a766-c33978159396	2024-04-26 13:12:41.487069	2024-04-26 13:12:41.487069	09:00:00	09:15:00	CeO2/MnO2 Composite Material for Asymmetric Supercapacitor Applications	cd2c76ff-5e4b-49a9-88bb-e5d4f5631300	PS5	197	zoom
71773f0b-ef43-41ed-bad9-789196c37fbc	2024-04-26 13:12:41.597892	2024-04-26 13:12:41.597892	11:45:00	12:00:00	PLASTIC DEGRADATION INTO SECONDARY MICROPLASTICS IN COASTAL AREAS AFFECTED BY THE MV X-PRESS PEARL MARITIME DISASTER	d2774e46-5036-416f-9f25-6c4b1594e13c	EES1	9	\N
4cca3066-572f-43f9-af5e-0f68c2677b10	2024-04-26 13:12:41.697707	2024-04-26 13:12:41.697707	15:30:00	15:45:00	DOES SHELF LIFE AFFECT THE LEVEL OF MICROPLASTICS IN BOTTLED WATER	cbcf75b5-3226-48ad-87a3-b046d743b18d	EES2	165	\N
d53e74b8-b2b4-4241-99e2-f8aa0923f262	2024-04-26 13:12:41.806488	2024-04-26 13:12:41.806488	14:00:00	14:15:00	REMOVAL OF LEAD (II) FROM AQUEOUS SOLUTIONS BY PEELS OF BANANA VARIETY AVAILABLE IN SRI LANKA	8c0f47cf-ffe9-442d-bc24-7b1790b6e02e	EES5	71	\N
098f3652-7d7a-4ac3-b6e4-a60e28b6228e	2024-04-26 13:12:41.90641	2024-04-26 13:12:41.90641	11:45:00	12:00:00	THE EFFECTIVENESS OF ONLINE TEACHING AND LEARNING COMPARED TO IN-PERSON INSTRUCTIONS FOR JUNIOR SECONDARY STUDENTS: A CASE STUDY AT A CHOSEN SCHOOL IN THE KURUNEGALA EDUCATIONAL ZONE	a3e7b710-68ab-423b-b267-1e824ad872f4	SE1	112	\N
812e62fa-fbd6-465e-bd80-a35c6e96f3a2	2024-04-26 13:12:40.878038	2024-04-26 13:12:40.878038	09:30:00	09:45:00	DAILY DIETARY INTAKE OF TOTAL PHENOLICS AND TOTAL FLAVANOIDS FROM CONSUMPTION OF RICE (ORYZA SATIVA L.) VARIETIES COMMERCIALLY AVAILABLE IN SRI LANKA	31c086fe-c751-447b-ad98-a2404694867c	LS6	175	\N
d005656e-11fb-45fb-bad8-9df83db48749	2024-04-26 13:12:40.977397	2024-04-26 13:12:40.977397	11:45:00	12:00:00	MORPHOLOGICAL CHANGES IN EGGS AND LARVAE OF AEDES AEGYPTI ADAPTING TO SALINITY IN NATURE	4a953683-1408-49e1-a7fd-59aafe362256	LS7	157	\N
a260681c-69d8-4e64-8074-758c0607c5c1	2024-04-26 13:12:41.077016	2024-04-26 13:12:41.077016	14:00:00	14:15:00	A COMPUTATIONAL APPROACH TO IDENTIFY BETA-LACTAM LIKE COMPOUNDS FROM PHYTOCHEMICALS, Gunathilaka	e597464a-d2d5-40d4-8d1d-2fb597d8f669	LS9	100	\N
af9f8a60-f260-48bd-a5e1-955d14d1ad38	2024-04-26 13:12:41.187919	2024-04-26 13:12:41.187919	12:30:00	12:45:00	Enhanced Semiconducting Properties in Co-MOF-74 Upon Encapsulation of Aniline Derivatives as Guest Molecules	d3ffc937-3055-40a6-a297-07e839bb16c5	PS1	160	\N
190fad67-1fed-4a47-ba1a-20c980e0d084	2024-04-26 13:12:41.286887	2024-04-26 13:12:41.286887	14:30:00	14:45:00	DETERMINATION OF PHENOLIC CONTENT AND ANTIOXIDANT POTENTIAL OF A NUTRIENT SUPPLEMENT DEVELOPED USING SELECTED LOCAL GRAIN VARIETIES	d1765d57-a768-4c37-88de-70b8640989f4	PS3	83	\N
63089c5d-7567-43b9-923d-a43e0d075faf	2024-04-26 13:12:41.396863	2024-04-26 13:12:41.396863	14:45:00	15:00:00	EVALUATION OF INSECT-REPELLENT ACTIVITY OF PIPER LONGUM (L.) BASED NANO-EMULSIONS FOR THE CONTROL OF SITOPHILUS ORYZAE (L.) (COLEOPTERA: CURCULIONIDAE)	03a6b919-8126-47bf-8e4d-2f0be0aa4a0d	PS4	78	\N
aa49a5f6-2cb0-4a8e-b727-c7ad31367339	2024-04-26 13:12:41.497161	2024-04-26 13:12:41.497161	09:30:00	09:45:00	PERFORMANCE ENHANCEMENT IN ULTRATHIN CIGS SOLAR CELLS USING PLASMONIC NANOPARTICLES – A FINITE DIFFERENCE TIME DOMAIN ANALYSIS APPROCH	74d37a3c-bba2-4248-9cd9-5101e5757dcb	PS5	201	zoom
712cf591-e3b3-47b1-9355-e68991558f96	2024-04-26 13:12:41.597347	2024-04-26 13:12:41.597347	12:15:00	12:30:00	DOES THE ENVIRONMENTAL SCORE OF ESG (ENVIRONMENTAL,  SOCIAL AND GOVERNANCE) REPORTING HAS AN EFFECT ON COPERATE PERFORMANCE OF COMPANIES?	8b01a423-4ce0-4c8b-8287-d9b324140229	EES1	34	\N
3c9e7f5d-1d62-4880-aeb2-8aea2ea066ed	2024-04-26 13:12:41.697906	2024-04-26 13:12:41.697906	15:15:00	15:30:00	QUALITY OF DRINKING WATER AND IT’S POSSIBLE HEALTH IMPACTS ON THE COMMUNITY IN WILGAMUWA AREA	4bbc7d98-ad45-4889-829f-1ba569172fd4	EES2	159	\N
2a374081-ad32-4f2a-9a33-5896c61b10bc	2024-04-26 13:12:41.797632	2024-04-26 13:12:41.797632	11:00:00	11:15:00	GROSSULAR-GARNET BEARING CALC-SILICATE FROM KAMBURUPITIYA,  SOUTHERN HIGHLAND COMPLEX,  SRI LANKA: IMPLICATIONS FOR ITS PETROLOGICAL AND GEOCHEMICAL SIGNATURES	61228c49-14e0-4b6e-933a-d26d19be84d0	EES4	124	\N
08a932e9-62f2-40a0-9c4a-0f2f8859c292	2024-04-26 13:12:41.897418	2024-04-26 13:12:41.897418	11:30:00	11:45:00	IMPACT OF SOCIAL ISOLATION ON MENTAL HEALTH,  SOCIAL INTERACTIONS,  AND ACADEMIC PERFORMANCE AMONG ADOLESCENTS DURING COVID-19 PANDEMIC	39999b43-7b57-4fd7-93f5-feffe896a64e	SE1	104	\N
366aab5c-a9b4-49e9-a15f-63ff6ad25356	2024-04-26 13:12:41.717049	2024-04-26 13:12:41.717049	09:15:00	09:30:00	FISH ASSEMBLAGE STRUCTURE AND ASSOCIATED ENVIRONMENTAL FACTORS OF RAWAN-OYA TRIBUTARY OF MAHAWELI RIVER	\N	EES3	172	\N
a6fe7277-699f-49a2-89f9-428ed26933de	2024-04-26 13:12:40.89698	2024-04-26 13:12:40.89698	10:45:00	11:00:00	PESTICIDAL ACTIVITY OF CRUDE SOLVENT EXTRACTS OF PODS AND LEAVES OF PSOPHOCARPUS TETRAGONOLOBUS (WINGED BEANS) AGAINST BLACK APHIDS	ba733bd4-b207-44ce-8d45-8be1095b7085	LS7	33	\N
5235eafa-e9a2-48b8-a516-2f1a1da1b283	2024-04-26 13:12:40.996957	2024-04-26 13:12:40.996957	11:45:00	12:00:00	PEST AND DISEASE MANAGEMENT STRATEGIES USED BY VEGETABLE GROWERS IN THE CENTRAL PROVINCE OF SRI LANKA: A SURVEY	8c6eee1e-764b-4158-a403-f9ff2b34ff45	LS8	129	\N
954a1d6c-2556-4dc7-91ed-19d43f9fc045	2024-04-26 13:12:41.096904	2024-04-26 13:12:41.096904	11:00:00	11:15:00	Ti/TiO2 SHOTCKY JUNCTION AND HIGHLY PHOTOACTIVE Sb2S3 PHOTOANODE FOR SOLAR WATER SPLITING	31f6902d-c55f-402e-807c-969bbd3c8e18	PS1	18	\N
ad9875c4-3ebb-458d-9f2b-ecb90b59f7ab	2024-04-26 13:12:41.196533	2024-04-26 13:12:41.196533	11:30:00	11:45:00	SOUND ABSORPTION PROPERTIES OF STUCTURES DEVELOPED USING WASTE MATERIALS	23b6b6a3-ea30-4be0-9a3b-43cfdf8aeeb2	PS2	113	\N
f0e5445b-079f-4276-8726-0d7e7715aa6d	2024-04-26 13:12:41.296643	2024-04-26 13:12:41.296643	15:00:00	15:15:00	ANTIDIABETIC AND ANTIOBESITY POTENTIAL OF OLEANOLIC ACID DERIVATIVES	a9903763-1f3e-4c37-9aee-66e3e79dd735	PS3	132	\N
ba29bf05-1d60-42bc-bdf6-99ed0c41f262	2024-04-26 13:12:41.406466	2024-04-26 13:12:41.406466	08:15:00	08:30:00	Effect of Quaternary Cations on The Efficiency of Quasi-Solid-State Dye-Sensitized Solar Cells	409ef733-287b-4d8f-95f6-32b286dc5ddc	PS5	148	\N
a84da030-7203-423e-bcdd-ffc9cde4709a	2024-04-26 13:12:41.517412	2024-04-26 13:12:41.517412	15:00:00	15:15:00	LIGNOCELLULOSIC COIR FIBER ASSISTED FABRICATION A POROUS SHEATH-POROUS CORE POLYANILINE NANOPARTICLES@FIBER COMPOSITE VIA IN-SITU CHEMICAL POLYMERIZATION	eefe47e7-5025-4910-b304-fe8a7b4ee3b4	PS6	169	\N
2ab6d949-d504-455f-9816-cf575c59ac8a	2024-04-26 13:12:41.617237	2024-04-26 13:12:41.617237	14:30:00	14:45:00	PHYSICO-CHEMICAL CHARACTERISTICS OF INLET AND OUTLET WATER IN WATER TREATMENT PLANTS ALONG THE MAHAWELI RIVER BETWEEN KOTMALE AND VICTORIA RESERVOIRS	99117c89-4ebb-4458-aa17-1414c199aa17	EES2	118	\N
651405cd-2864-4c14-84a7-92a5b1856f89	2024-04-26 13:12:41.69792	2024-04-26 13:12:41.69792	08:00:00	08:15:00	PRELIMINARY SCREENING,  FUNCTIONAL GROUP ANALYSIS,  MINERAL CONTENT AND FATTY ACID PROFILE OF TWO BROWN MARINE ALGAL SPECIES IN SRILANKA	6f67304c-50b8-4f0d-9581-456cfb72dc78	EES3	35	\N
38957b0a-b612-4751-bb92-1d3a8df0b077	2024-04-26 13:12:41.797753	2024-04-26 13:12:41.797753	10:45:00	11:00:00	THE ANCIENT TANK CONSTRUCTION TECHNOLOGY IN NORTH CENTRAL DRY ZONE OF SRI LANKA: HYDRO-ECOLOGICAL ASSESSMENT	677ca1cf-33b4-44fc-a991-29985d1b9407	EES4	63	\N
b624d7e3-e123-4889-8502-8ddb4a344386	2024-04-26 13:12:41.816664	2024-04-26 13:12:41.816664	14:15:00	14:30:00	A PRELIMINARY INVESTIGATION ON THE QUALITY OF MUNICIPAL COMPOST	4b065445-3924-4832-9848-77590d6c6a2d	EES5	95	\N
d18b066d-b4ae-40f4-940a-4af4196cdd19	2024-04-26 13:12:41.897126	2024-04-26 13:12:41.897126	11:00:00	11:15:00	KNOWLEDGE,  ATTITUDES & PARTICIPATION FOR ENVIRONMENTAL ACTIVITIES OF GRADE 11 STUDENTS IN FOUR SELECTED SCHOOLS IN MATALE DISTRICT,  SRI LANKA	b5b19077-09ea-4512-b9e4-da2d472c08fa	SE1	61	\N
f454a793-8230-4b4d-bdc0-d8096f9c0406	2024-04-26 13:12:41.916495	2024-04-26 13:12:41.916495	12:00:00	12:15:00	EFFECTIVENESS OF TRADITIONAL AND SKILL ORIENTED TEACHING AND ASSESSMENT TO ENHANCE GENERIC SKILLS IN CHEMISTRY IN JUNIOR SECONDARY SCHOOL: A CASE STUDY IN CENTRAL PROVINCE,  SRI LANKA	a5753f97-e41f-40ea-8bbd-0557234353cc	SE1	186	\N
0201f41a-0cbc-43f9-9aa3-10eb5ddd8f30	2024-04-26 13:12:41.897577	2024-04-26 13:12:41.897577	10:30:00	10:45:00	ENHANCEMENT OF LOW ACHIEVING STUDENTS’ PERFORMANCE IN A 1AB SCHOOL IN DEHIOWITA EDUCATION ZONE: AN ACTION RESEARCH	d9fa8854-c6b4-4cfb-926f-ae6ee813a773	SE1	29	\N
cd15e1b2-cd31-42ac-9860-0d142e525610	2024-04-26 13:12:41.597773	2024-04-26 13:12:41.597773	12:00:00	12:15:00	POTENTIAL FOR PROMOTING AVITOURISM IN SELECTED HABITATS,  MULLAITIVU DISTRICT,  SRI LANKA	98db2c47-efb9-440a-be74-e81662b0ca90	EES1	19	\N
b03050ea-e400-4e30-8176-44eb782d0318	2024-04-26 13:12:41.697496	2024-04-26 13:12:41.697496	08:15:00	08:30:00	ASSESSMENT OF SOIL BACTERIAL DIVERSITY IN ORGANIC AND CONVENTIONAL AGROECOSYSTEMS VIA HIGH THROUGHPUT SEQUENCING	bfce111b-a058-4158-b9ef-9b111fdbf6ed	EES3	68	\N
79d9e15d-480b-47f2-aa34-91df59291fab	2024-04-26 13:12:41.79741	2024-04-26 13:12:41.79741	11:15:00	11:30:00	A WEB-BASED LANDSLIDE RISK DISSEMINATION PORTAL INCORPORATION BAYESIAN PROBABILISTIC RISK PREDICTION MECHANISM ON LANDSLIDE CAUSATIVE PARAMETERS	484f02ee-bd38-480d-819b-6def84283ce9	EES4	174	\N
155c09b0-1c7b-4f87-8e50-145d4aabb337	2024-04-26 13:12:41.897766	2024-04-26 13:12:41.897766	10:45:00	11:00:00	THE EFFECT OF INTRINSIC MOTIVATION IN SCIENCE ON SCIENCE ASPIRATIONS IN GRADE 11 STUDENTS IN DEHIOWITA EDUCATION ZONE	d9fa8854-c6b4-4cfb-926f-ae6ee813a773	SE1	30	\N
83f4e468-addc-41c6-8f8e-428290d2ea62	2024-04-26 13:12:41.996892	2024-04-26 13:12:41.996892	14:45:00	15:00:00	THE IMPACT OF SCHOOL RESOURCES ON PERFORMANCE OF STUDENTS’ G.C.E. (ORDINARY LEVEL) MATHEMATICS	41b77340-daf6-40cd-932a-b6312263d597	SE2	17	\N
a19f3411-5f1d-4588-9693-792e10b97364	2024-04-26 13:12:41.798498	2024-04-26 13:12:41.798498	11:30:00	11:45:00	ESTIMATION OF SHORELINE CHANGES IN THE SOUTHERN COASTAL BELT OF SRI LANKA SPECIAL REFERENCE TO POLHENA BEACH USING GIS AND REMOTE SENSING METHODS OVER PAST 17 YEAR	\N	EES4	194	\N
e33e69c4-b991-4c65-8adb-a99be159bd69	2024-04-26 13:12:40.877315	2024-04-26 13:12:40.877315	08:15:00	08:30:00	DETERMINATION OF GLYCAEMIC INDEX OF COCONUT (COCOS NUCIFERA) TREACLE AND ITS CONSUMPTION PATTERN AMONG THE UNDERGRADUATES IN A PRIVATE UNIVERSITY IN SRI LANKA.	963c4a5d-d031-4423-b897-3e8f4d740716	LS6	72	\N
e3d9400b-1323-4aca-937d-ccb5dd11a090	2024-04-26 13:12:40.977501	2024-04-26 13:12:40.977501	12:00:00	12:15:00	RISK FACTORS OF DENGUE HEMORRHAGIC FEVER AMONG ADULT DENGUE PATIENTS IN THE WESTERN PROVINCE OF SRI LANKA: A CASE-CONTROL STUDY	c542b9c3-e552-47b9-9c7f-9ef1ee5cad2c	LS7	177	\N
89abf760-695c-4f41-9e2b-2814a7e7fe81	2024-04-26 13:12:41.077333	2024-04-26 13:12:41.077333	13:30:00	13:45:00	KNIME AND MACHINE LEARNING BASED PREDICTION OF PDGFRA INHIBITORS FROM PHYTOCHEMICALS AS POTENTIAL CANCER DRUGS	6ce25b5f-5bec-471c-b21e-dd1448188446	LS9	98	\N
15f5d303-4c67-4816-81d6-5153d452c4bf	2024-04-26 13:12:41.187844	2024-04-26 13:12:41.187844	12:15:00	12:30:00	OPTIMIZATION OF THE SOLUTE DESCRIPTORS FOR CITRONELLAL BY GAS CHROMATOGRAPHY AND LIQUID-LIQUID PARTITION SYSTEMS	6343440a-5edf-43b8-9846-81ae8b2da1db	PS1	158	\N
c228ab8e-1a60-49d3-bfc8-565bafd1ff14	2024-04-26 13:12:41.287169	2024-04-26 13:12:41.287169	14:00:00	14:15:00	ASSESSMENT OF CYTOTOXICITY OF SELECTED EDIBLE LEAFY PLANTS OF SRI LANKA	e0c9e724-9bb9-4ae8-879c-fac7bb7d4c1a	PS3	24	\N
e082a0cd-a92a-407a-81de-4991a0435cd9	2024-04-26 13:12:41.396665	2024-04-26 13:12:41.396665	14:30:00	14:45:00	CHARACTERIZATION OF SEED OILS OF FOUR GARCINIA SPECIES TO ASSESS POTENTIAL APPLICATIONS IN COSMETICS AND DIETARY SUPPLEMENTS	469b17fd-8a9b-4ab6-80ab-f74ff662a05f	PS4	77	\N
8a1aabf9-9079-4e75-b72c-dc33196fc5c5	2024-04-26 13:12:41.49719	2024-04-26 13:12:41.49719	14:15:00	14:30:00	DEVELOPMENT OF HUMIDITY SENSING COMPOSITE MATERIAL USING SnO DOPED PHENOL FORMALDEHYDE (PF) DERIVED CONDUCTIVE CHARCOAL	0eb78513-b855-43ab-818c-2bfb21e7eb32	PS6	69	\N
65366380-e94e-4966-85ca-2a08321bd73a	2024-04-26 13:12:41.59716	2024-04-26 13:12:41.59716	12:30:00	12:45:00	CARBON FOOTPRINT OF SRI LANKAN TEA SECTOR	ad2fcba4-19a4-4570-af1d-a8e1fe7a5bc5	EES1	37	\N
cf7b523d-ed60-49f5-9cea-eff6603c9b5e	2024-04-26 13:12:41.69773	2024-04-26 13:12:41.69773	08:45:00	09:00:00	URBAN BIRD DIVERSITY IN SELECTED LOCATIONS OF COLOMBO DISTRICT AND URBAN RESIDENT’S ATTITUDES TOWARD BIRDS IN THE NEIGHBOURHOOD	7a9547aa-15c1-4def-97bc-d974ba6d9a3d	EES3	105	\N
84c1c22d-0ad3-4ee5-843b-4bac38399728	2024-04-26 13:12:41.897099	2024-04-26 13:12:41.897099	11:15:00	11:30:00	Awareness of Food Labels among Schoolchildren in Ampara District: Promoting Better Health Choices through Knowledge Evaluation	0238bc8f-3ae7-4289-b3f3-8aafdae669c7	SE1	75	\N
917cf4d1-c6d9-4efd-b088-1ac642cee01a	2024-04-26 13:12:41.536831	2024-04-26 13:12:41.536831	15:30:00	15:45:00	Synthesise of Activated Carbon Titanium Dioxide-Based Composite from Coconut Shell for Optimized and Cost-Effective Supercapacitors	\N	PS6	183	\N
3ac26980-9454-4c21-adc0-6fcf3682a80c	2024-04-26 13:12:41.946777	2024-04-26 13:12:41.946777	14:30:00	14:45:00	EFFECTIVENESS OF INTEGRATING STEM EDUCATION IN TO SCIENCE TEACHING AND LEARNING PROCESS	\N	SE2	16	\N
3cda2b69-a81d-4f5c-a8a5-e59a152a790e	2024-04-26 13:12:40.269131	2024-04-26 13:12:40.269131	11:30:00	11:45:00	RELATIONSHIP BETWEEN THE KAUFFMAN BRACKET POLYNOMIALS OF TORUS KNOTS: (T_(3, 3n+1) ) AND (T_(3, 3n+2))	288c49ba-ee50-4be5-ad81-e2e91686a285	ICTMS1	203	\N
2a30965f-c6f0-496d-a17d-b5076e5ec512	2024-04-26 13:12:40.268714	2024-04-26 13:12:40.268714	14:30:00	14:45:00	ASYMPTOTIC DYNAMICS OF A PERIODIC TOXIN PRODUCING PHYTOPLANKTON MODEL	ffb8b118-3710-408e-8e22-34113d13f3db	ICTMS2	184	\N
c81def57-1e02-4b78-961c-6fa77c70ab2c	2024-04-26 13:12:40.377153	2024-04-26 13:12:40.377153	08:15:00	08:30:00	COMPARISON OF THE PREDICTIVE PERFORMANCE OF LIU BASED ESTIMATORS.	4b7c869e-5882-4db1-8cbc-c500ae2eba56	ICTMS3	47	\N
ffcd2094-7824-46d5-9e86-857765a46f71	2024-04-26 13:12:40.377582	2024-04-26 13:12:40.377582	08:00:00	08:15:00	ASSESSING AGREEMENT BETWEEN TWO MEASUREMENT SYSTEMS USING REPLICATED SCALE MIXTURES OF SKEW-NORMAL MEASUREMENT ERROR MODELS WITH VARYING DEGREES OF FREEDOM	c7e70de1-6283-49bb-9b44-eb9b2e3a3e86	ICTMS3	2	\N
b6c7daaf-66a2-47d8-bc2b-2e744bdfb62d	2024-04-26 13:12:40.377712	2024-04-26 13:12:40.377712	08:45:00	09:00:00	AN ANALYSIS ON SELECTED VARIABLES INFLUENCING CESAREAN SECTION OF PREGNANT MOTHERS ADMITTED IN THE AMPARA GENERAL HOSPITAL	7bd7183e-7e0d-421d-88b5-abde3d45cbe9	ICTMS3	146	\N
873814e4-ab33-4c9b-9ecf-c6778693693d	2024-04-26 13:12:40.478243	2024-04-26 13:12:40.478243	13:45:00	14:00:00	A MEMETIC ALGORITHM FOR THE VEHICLE ROUTING PROBLEM WITH MOVING SHIPMENTS AT THE CROSS-DOCKING WAREHOUSE	51005c70-29d9-4e66-bb9e-71747d1d310f	ICTMS5	12	\N
44137c53-9592-42f2-b7dc-2c15310cb97f	2024-04-26 13:12:40.477255	2024-04-26 13:12:40.477255	14:15:00	14:30:00	MANUFACTURERS AND BUYERS INTEGRATED PRODUCTION INVENTORY MODEL WITH BETTER SYNCHRONIZATION	1613efe3-8cf5-4f7b-b7e8-c80f203ea3ba	ICTMS5	73	\N
26c99982-1992-4ac7-a809-f6be2467e08e	2024-04-26 13:12:40.477487	2024-04-26 13:12:40.477487	14:30:00	14:45:00	THE ROLE OF BILINGUALISM IN THE REVIVAL OF A DEAD LANGUAGE: MANX IN ISLE OF MAN	d774be7f-c3e3-4ae6-8df9-a2f57d141b45	ICTMS5	80	\N
ef99eaa6-6849-46b5-b46c-f5a6d1212534	2024-04-26 13:12:40.578164	2024-04-26 13:12:40.578164	12:00:00	12:15:00	ETHNOMEDICAL SURVEY ON SRI LANKAN HASTI VEDAKAMA; A STUDY BASED ON ELEPHANT CLUSTER AT THE TEMPLE OF THE TOOTH RELIC	0c112777-7453-48c7-9947-4d009937e341	LS2	166	\N
c57c3db4-29c6-4c1d-8d40-65cd3475df55	2024-04-26 13:12:40.577252	2024-04-26 13:12:40.577252	12:15:00	12:30:00	BIOACTIVITY STUDIES OF SOLVENT EXTRACTS OF PIPER NIGRUM SEEDS	0a81bb6b-3ee0-40f6-ae96-4de4a72c282e	LS1	123	\N
acde4564-cc07-485f-967f-1e3212e87ceb	2024-04-26 13:12:40.57772	2024-04-26 13:12:40.57772	11:45:00	12:00:00	Microplastics contamination in Indian backwater oysters (Magallana bilineata) in the Panadura estuary,  Sri Lanka.	737b7617-3be9-4620-a65e-cec36c3a6663	LS2	138	\N
b54eafc9-ee61-4c4c-bdaa-0b11a09df528	2024-04-26 13:12:40.67718	2024-04-26 13:12:40.67718	15:00:00	12:03:00	EFFECT OF PH ON THE GROWTH AND DEVELOPMENT OF IMMATURE STAGES OF DENGUE VECTOR MOSQUITOES; AEDES ALBOPICTUS	39999b43-7b57-4fd7-93f5-feffe896a64e	LS3	79	\N
82b1c4d1-07f7-4015-b0f9-848ee31e78c6	2024-04-26 13:12:40.677455	2024-04-26 13:12:40.677455	14:00:00	14:15:00	CULTURALLY RELEVANT PAIN COPING SKILLS GROUP INTERVENTION FOR CHRONIC KNEE OSTEOARTHRITIS PAIN: DELPHI CONSENSUS	067cc7df-cbdf-48a3-b1f4-8715944aaad9	LS4	21	\N
187a3626-f3f5-41a9-9f6d-d6fbaa7a5466	2024-04-26 13:12:40.677587	2024-04-26 13:12:40.677587	14:15:00	14:30:00	PRELIMINARY STUDY OF USE OF FRACTIONS ISOLATED FROM CRUDE LYSATE OF Leishmania IN SEROLOGY AND ANALYSIS OF CLINICAL EPIDEMIOLOGICAL DATA	07f1c74c-9e8d-440f-b097-c77fc3c03efe	LS4	43	\N
5d32ead9-f366-4a07-a4af-7259b7f537c3	2024-04-26 13:12:40.777828	2024-04-26 13:12:40.777828	08:30:00	08:45:00	HIGH QUALITY GENOME FOR AUSTRALIAN FINGER LIME	c4e106f1-877a-4f04-9d60-7542578ba2a4	LS5	42	zoom
8fd8a045-a0ff-486a-b421-3a4c8d057c1b	2024-04-26 13:12:40.777616	2024-04-26 13:12:40.777616	08:00:00	08:15:00	"THE IMPACT OF INCLUSION BODY HEPATITIS (IBH) VIRUS ON IMMUNE ORGANS (BURSA OF FABRICIUS,  SPLEEN,  AND THYMUS) OF BROILER CHICKENS IN SRI LANKA."	94ae88f4-f5f3-4bbd-921a-c8afc4d7abe5	LS5	108	zoom
d26ca09e-e315-4765-bd1f-2120d757fce2	2024-04-26 13:12:40.778289	2024-04-26 13:12:40.778289	09:00:00	09:15:00	IN VITRO ASSAY OF ANTIOXIDANT POTENTIAL AND TOTAL PHENOLIC CONTENT OF PROBIOTIC LACTOBACILLUS DELBRUECKII SUBSP. INDICUS STRAINS ISOLATED FROM TRADITIONAL SRI LANKAN BUFFALO CURD.	3ea35652-1871-471f-b784-ce3914d359e5	LS5	103	zoom
19f915f4-e1b8-4682-97f0-a674337eef0b	2024-04-26 13:12:40.877959	2024-04-26 13:12:40.877959	10:30:00	10:45:00	DISTRIBUTION OF THE CRITICALLY ENDANGERED AXIS PORCINUS (HOG DEER) (ZIMMERMANN,  1780) IN GALLE DISTRICT,  SRI LANKA	31a3c3d1-68dc-49e1-91e5-cd28a71916e5	LS7	4	\N
6c13b10e-aa52-40da-9138-c99a7ca2960d	2024-04-26 13:12:40.87763	2024-04-26 13:12:40.87763	08:30:00	08:45:00	THE SALTOL LOCI FROM FL 478 WAS INCORPORATED TO ELITE VARIETY BG 352 BY MARKER-ASSISTED SELECTION IN RICE	88b41a39-779b-4dfe-a689-a07397ce9932	LS6	130	\N
ac855240-763b-40f6-82ca-fa194370a337	2024-04-26 13:12:40.87747	2024-04-26 13:12:40.87747	08:45:00	09:00:00	GENOTYPING,  AND PHENOTYPING OF SELECTED RICE GERMPLASM FOR BLAST DISEASE RESISTANCE UNDER LOCAL CONDITIONS	ffaa267c-b0c5-4ccb-824f-c758eeaf762e	LS6	136	\N
1f794b50-f042-40db-bcb2-ebec1fe7b02f	2024-04-26 13:12:40.977194	2024-04-26 13:12:40.977194	10:45:00	11:00:00	EFFICIENCY OF ENRICHED MICROBIAL CONSORTIA FROM DIFFERENT NATURAL SOURCES ON CONSOLIDATED BIOETHANOL PROCESSING COMPARED TO SEQUENTIAL FERMENTATION	3189cd2d-330e-46ab-94c5-997aaa88654c	LS8	74	\N
e30ec665-35b5-4881-8740-4392abdd0621	2024-04-26 13:12:40.977186	2024-04-26 13:12:40.977186	11:15:00	11:30:00	Screening of fungal species isolated from different soil samples for extracellular lipase production	e27aa19b-ff3a-49ff-b5fe-e0cff2051ad7	LS8	111	\N
d9b07956-8d15-4c3a-b964-5b9bd989c27d	2024-04-26 13:12:40.977026	2024-04-26 13:12:40.977026	11:30:00	11:45:00	CHARACTERISTIC WING VEIN PATTERNS OF COMMON MOSQUITO GENERA IN SRI LANKA, Bandaranayake	1eaa99ae-0878-4431-8d7d-04fe9abd8467	LS7	127	\N
61158b58-4b0e-4c6f-8ff0-276d38e0e327	2024-04-26 13:12:41.077315	2024-04-26 13:12:41.077315	15:00:00	15:15:00	BIOACTIVITY STUDIES OF ALPINIA CALCARATA AND GLORIOSA SUPERBA LEAVES EXTRACTS	088041ae-2bb8-4a86-8ecb-57e9c1cc08f8	LS9	117	\N
3c3dc332-1b21-49e8-af00-b9a1ae6fe786	2024-04-26 13:12:41.077591	2024-04-26 13:12:41.077591	14:30:00	14:45:00	GOOGLE STREET VIEW REVEALS NEW INSIGHT INTO DISTRIBUTION OF PANICUM MAXIMUM IN SRI LANKA	85b3cdfe-b20d-4f54-b79c-f5b388f4b6ae	LS9	131	\N
93ba71ee-1a8f-4d06-b2cf-73fc1f913896	2024-04-26 13:12:41.006749	2024-04-26 13:12:41.006749	11:30:00	11:45:00	ANTIOXIDANT ACTIVITY OF ENDOPHYTIC FUNGI ISOLATED FROM LEAVES OF CITRUS AURANTIIFOLIA	62befd46-9ad4-4c8c-a289-918bbc608948	LS8	121	\N
1f72f8f0-172f-4da8-9f80-8317cfa61951	2024-04-26 13:12:40.877728	2024-04-26 13:12:40.877728	09:15:00	09:30:00	EVALUATION OF THERMAL STABILITY OF NATURAL ANTIOXIDANTS EXTRACTED FROM EMBLICA OFFICINALIS SEED AND ANNONA MURICATA L. FRUIT PEEL AND SEED ON SENSORY PROPERTIES OF SPONGE CAKE	a14e1346-068f-48fb-8ebd-cbe81e07568e	LS6	173	\N
d7e024fd-eabf-4926-aac4-e2ffc6f8a7a4	2024-04-26 13:12:40.977664	2024-04-26 13:12:40.977664	11:00:00	11:15:00	MANGROVE-ASSOCIATED KOCURIA FLAVA PUTS1_3 AS A POTENTIAL FUNC	84502547-28ef-4202-b374-868a593a13c6	LS8	96	\N
04846b69-4ec8-4e90-bf91-457357275914	2024-04-26 13:12:41.077492	2024-04-26 13:12:41.077492	14:45:00	15:00:00	IN SILICO DRUG DISCOVERY USING THE KNIME ANALYTICS PLATFORM TO IDENTIFY PHYTOCHEMICALS WITH VEGFR-2 INHIBITORY PROPERTIES	6ce25b5f-5bec-471c-b21e-dd1448188446	LS9	116	\N
eba911a8-d0a6-4e7b-8f40-87c2ff081f22	2024-04-26 13:12:41.196846	2024-04-26 13:12:41.196846	11:15:00	11:30:00	COMPARISON OF X-RAY ATTENUATION IN THE ENERGY RANGE OF 50-80 KEV IN ALUMINIUM AND ZIRCON MINERAL ENCASED IN EPOXY MATRIX	6f94e35d-9b9c-4bb8-9a10-2959ea26cfc6	PS2	89	\N
2aee5ae6-d6cf-4fa0-8934-e54aa7573a3b	2024-04-26 13:12:41.296739	2024-04-26 13:12:41.296739	14:45:00	15:00:00	ANTI-OBESITY EFFECTS OF A POLYHERBAL MIXTURE	8bf98faf-30ca-46ae-b16c-79bcf59d35ff	PS3	126	\N
37d8d387-62d3-4abd-baf6-37119263f832	2024-04-26 13:12:41.397023	2024-04-26 13:12:41.397023	08:00:00	08:15:00	DEVELOPMENT OF AN ELECTRIC VEHICLE FOR THE DIFFERENTLY ABLED WITH SOLAR ASSIST	22a1eb0a-f32a-4c61-899c-fd1d8b543b80	PS5	8	\N
9471ee7e-818e-4db2-8d77-f2d43d24c486	2024-04-26 13:12:41.497397	2024-04-26 13:12:41.497397	14:45:00	15:00:00	PREPARATION AND CHARACTERIZATION OF COCONUT SHELL ACTIVATED CARBON BLACK FOR ELECTROPHOTOGRAPHY TONER APPLICATION	ac530b4c-76c3-4878-ae26-bf82a0f32055	PS6	115	\N
e54974d3-9b6f-4432-9ada-0552e2fc4c98	2024-04-26 13:12:41.598045	2024-04-26 13:12:41.598045	14:00:00	14:15:00	CHANGES IN WATER CONSUMPTION PATTERNS AFTER INSTALLATION OF REVERSE OSMOSIS WATER TREATMENT PLANTS IN DIMBULAGALA (CHRONIC KIDNEY DISEASE OF UNKNOWN ETIOLOGY -CKDU PREVALENT AREA),  SRI LANKA.	ad2fcba4-19a4-4570-af1d-a8e1fe7a5bc5	EES2	38	\N
eb7e4540-3df8-4ce5-8d4f-b146f2010656	2024-04-26 13:12:41.697692	2024-04-26 13:12:41.697692	08:30:00	08:45:00	PRELIMINARY STUDY ON DIVERSITY OF LEPIDOPTERON SPECIES IN THE DUNUMADALAWA FOREST RESERVE,  KANDY,  SRI LANKA	4d6416c2-d8c2-4dd5-9adb-3d5655a74dee	EES3	93	\N
928b3ddc-7106-416c-8a39-c0e459c62a37	2024-04-26 13:12:41.79837	2024-04-26 13:12:41.79837	13:45:00	14:00:00	SELECTIVE ADSORPTION OF Pb(II) IONS ON Fe3O4/MgO NANOCOMPOSITES	e63686da-db0b-420e-9156-3c2833e119a9	EES5	65	\N
0ceb9946-036e-4c3a-a03a-b350753618dd	2024-04-26 13:12:41.897899	2024-04-26 13:12:41.897899	15:00:00	15:15:00	SYNTHESIS OF CERIUM OXIDE NANOPARTICLES BY HYDROTHERMAL METHOD AND INVESTIGATION OF THEIR ANTIBACTERIAL ACTIVITIES	ea89f484-28d2-454d-ae4e-0e00a2e8f352	EES5	200	zoom
6ab0b906-9797-48b5-a2d7-4c692a90528f	2024-04-26 13:12:41.996616	2024-04-26 13:12:41.996616	15:00:00	15:15:00	IMPROVING ATTENDANCE TO THE SCHOOL OF GRADE EIGHT BY ENHANCING COMPETENCE,  AUTONOMY SUPPORT AND RELATEDNESS THROUGH SCIENCE ACTIVITIES: AN ACTION RESEARCH	d9fa8854-c6b4-4cfb-926f-ae6ee813a773	SE2	28	\N
5ead5a2b-91ca-4f99-93cd-f52a528a1402	2024-04-26 13:12:41.076834	2024-04-26 13:12:41.076834	14:15:00	14:30:00	IN SILICO SCREENING OF POTENTIAL DRUG CANDIDATES FOR AMINOGLYCOSIDE RESISTANCE IN BACTERIA AND DRUG SYNERGY PREDICTION, Sandunika	c93cc5e3-6446-45c2-8fd6-9011dffcefba	LS9	101	\N
6e2c4a9b-8a9a-4883-9c6c-9f2cb6d86935	2024-04-26 13:12:41.177593	2024-04-26 13:12:41.177593	12:00:00	12:15:00	ADSORPTIVE REMOVAL OF RHODAMINE B DYE FROM MAGNETIC MnFe2O4-MONTMORILLONITE NANOCOMPOSITE	c3f2af4b-d087-4123-a78f-c33dd755ed9e	PS1	155	\N
e5e7efa7-dcf3-4cec-a58d-8d41a4289e3f	2024-04-26 13:12:41.187223	2024-04-26 13:12:41.187223	11:45:00	12:00:00	Electronically Conducting Donor Acceptor (D-A) type polymer synthesized using 3, 4-Ethylenedioxythiophene (EDOT) with Berberine isolated from Coscinium fenestratum	4db9968b-ce73-4f21-bf09-adf6ca2befdf	PS1	144	\N
d2e1d183-e0d9-4acd-84c8-8886c477702c	2024-04-26 13:12:41.187483	2024-04-26 13:12:41.187483	11:00:00	11:15:00	A NANOGRAVIMETRIC APPROACH TO STUDY THE PHOTOCATALYTIC ACTIVITY OF NANO TITANIA THIN FILMS	0058cc6c-dd89-4283-98d9-d724cacd5ced	PS2	23	\N
fd3a1fd3-c84f-42ea-a896-8dd3bc45b7ba	2024-04-26 13:12:41.276732	2024-04-26 13:12:41.276732	12:15:00	12:30:00	THICKNESS EFFECT ON THE PHYSICOCHEMICAL PROPERTIES OF ELECTRODEPOSITED ZnTe LAYERS	4539e159-0168-44f6-9b4f-0ceb3b49f6ed	PS2	182	zoom
091c7081-d6cb-4d0f-95c4-4dd7d95d5f63	2024-04-26 13:12:41.286714	2024-04-26 13:12:41.286714	14:15:00	14:30:00	DETERMINATION OF CYTOTOXICITY OF DIFFERENT SOLVENT EXTRACTS OF SOFT STEMS OF DIFFERENT BANANA (Musa sp.) CULTIVARS	3b61e421-455d-4f47-89c9-e2106d47e0d3	PS3	31	\N
fc9c4771-d248-4fc5-88e3-4ac1480ec099	2024-04-26 13:12:41.396722	2024-04-26 13:12:41.396722	15:15:00	15:30:00	CONFINED NANOCRYSTALLIZATION OF ANTHRANILIC ACID IN A MESOPOROUS ZEOLITE MATRIX	072d0568-7801-478b-b9ce-02e60883991c	PS4	180	\N
02ad4666-56c9-405c-af15-65f587df8c59	2024-04-26 13:12:41.397091	2024-04-26 13:12:41.397091	15:00:00	15:15:00	CANARIUM ZEYLANICUM SEED OIL AS A FEEDSTOCK FOR BIODIESEL PRODUCTION	aa4a4e01-5cd0-46ac-85a2-acaab1f9ba21	PS4	109	\N
0082a6ed-e0e6-4705-bda0-7971a4731d3d	2024-04-26 13:12:41.39655	2024-04-26 13:12:41.39655	14:15:00	14:30:00	MULTI-TARGET INHIBITORY ACTIVITY OF Salicornia brachiata AND Suaeda maritima SEED ON α-AMYLASE,  TYROSINASE AND LIPASE	510aede7-9dfa-4c16-9e6e-fafc3a05170d	PS4	56	\N
b9e9e59a-618e-450b-9244-5f94c6c032f9	2024-04-26 13:12:41.49753	2024-04-26 13:12:41.49753	09:45:00	10:00:00	COST-EFFECTIVE CIGS THIN FILMS: ELECTRODEPOSITION AND CHARACTERIZATION FOR EFFICIENT SOLAR CELLS	3f170422-a229-4a64-a616-df88bb20e281	PS5	202	zoom
7231e17b-7abb-449a-86c5-c5ad93d6ef5d	2024-04-26 13:12:41.497545	2024-04-26 13:12:41.497545	09:15:00	09:30:00	HYDROTHERMAL SYNTHESIS OF HGTE THIN FILM FOR POSSIBLE APPLICATIONS IN THE DEVLOPMENT OF CDTE SOLAR CELLS.	da306f86-a383-4ed3-9479-0a6c69e182ba	PS5	198	zoom
d5643d9e-c56b-44d8-80eb-d743ff2c85b0	2024-04-26 13:12:41.497558	2024-04-26 13:12:41.497558	14:30:00	14:45:00	LOW-COST COUNTER ELECTRODE PREPARED USING ACTIVATED CARBON DERIVED FROM RICE HUSK FOR DYE-SENSITIZED SOLAR CELLS	944d44ce-ec81-44d8-a97d-3bed1defafe4	PS6	92	\N
ce24fea6-dd3b-4569-a127-2ec104bd5826	2024-04-26 13:12:41.597022	2024-04-26 13:12:41.597022	12:45:00	01:00:00	AIR QUALITY TRENDS AND PATTERNS IN KANDY,  SRI LANKA	aba2fd8d-1db5-480a-b554-5dcefbf68ddd	EES1	164	\N
f2b32b34-8380-439f-940d-bafcf6318044	2024-04-26 13:12:40.269101	2024-04-26 13:12:40.269101	14:45:00	15:00:00	MODELING THE IMAGE QUALITY ON THE RETINA WITH VARIABILITY OF WAVEFRONT MEASUREMENTS	2ba98be3-3a24-4cfb-a04d-75e8543a306f	ICTMS2	185	\N
0ee56098-7775-4015-b6b4-b8c008bb4753	2024-04-26 13:12:40.269631	2024-04-26 13:12:40.269631	15:00:00	15:15:00	A MATHEMATICAL MODEL FOR THE SPREAD OF COVID-19 IN SRI LANKA WITH THE ENVIRONMENTAL TRANSMISSION OF CORONAVIRUS	e6a8c14a-6938-476c-ba56-2eef3d04c7cb	ICTMS2	191	\N
4c14ed2a-0508-4e73-b86d-b0b42fc2cc13	2024-04-26 13:12:40.269318	2024-04-26 13:12:40.269318	11:00:00	11:15:00	AN APPLICATION OF GRAPH THEORY IN ASYMMETRIC KEY CRYPTOGRAPHY	6655e5fa-a30d-46e6-9059-f53a13d6eb9f	ICTMS1	188	\N
2188937a-7088-4328-b650-d5403d5f603e	2024-04-26 13:12:40.27004	2024-04-26 13:12:40.27004	11:15:00	11:30:00	CHARACTERIZATION OF A CLASS OF INNER TORAL POLYNOMIALS VIA BLASCHKE PRODUCTS	a8a547d4-e8fb-4dc6-a612-a89fed6aa93a	ICTMS1	193	\N
b8cc4b63-244d-4a66-9391-aa58975e9821	2024-04-26 13:12:40.270412	2024-04-26 13:12:40.270412	12:00:00	12:15:00	THE RAINBOW CONNECTION NUMBER OF THE EXTENDED VERSION OF SANDAT GRAPH	3d4e8558-0caf-4825-8e3e-4b34ef55a614	ICTMS1	205	\N
50f39d0b-9cce-4543-8907-dbca7efe8fd5	2024-04-26 13:12:40.269912	2024-04-26 13:12:40.269912	11:45:00	12:00:00	MAXIMAL EMBEDDING GENUS OF 3-EDGE CONNECTED HARARY GRAPHS	e374144d-2834-45a2-8a7e-d0608c66b782	ICTMS1	204	\N
1ffd4936-a54e-4a2c-bc46-f2be4dc23e3f	2024-04-26 13:12:40.270241	2024-04-26 13:12:40.270241	14:00:00	14:15:00	EXPLICIT FINITE DIFFERENCE METHOD FOR THE VALUATION OF AMERICAN PUT OPTION USING LOGARITHMIC FRONT FIXING TRANSFORMATION	cdf89ea3-ccbb-4bb6-961a-cdbb046574dc	ICTMS2	53	\N
b6e6e312-4645-4358-9765-d7235ab3cad7	2024-04-26 13:12:40.377932	2024-04-26 13:12:40.377932	09:00:00	09:15:00	TIME SERIES ANALYSIS FOR MODELING AND FORECASTING TEA EXPORTS IN SRI LANKA	8f77dcca-5713-47ea-93af-5281ad55c800	ICTMS3	156	\N
5f7ed7c8-cd42-4e4d-9261-83e42fa81b4b	2024-04-26 13:12:40.377911	2024-04-26 13:12:40.377911	11:15:00	11:30:00	ENSEMBLE LEARNING APPROACH FOR YOUTUBE VIDEOS CLASSIFICATION BASED ON THEIR QUALITY	dbfed4e1-9734-49e4-b495-37a98c0bc5fb	ICTMS4	25	\N
c081e0ff-281d-4a52-a558-0e15037bdb40	2024-04-26 13:12:40.377286	2024-04-26 13:12:40.377286	12:00:00	12:15:00	CLASSIFICATION OF SINHALA NEWS USING MACHINE LEARNING APPROACHES	7d1c94d5-76ff-425a-b92b-bfdd37beebb5	ICTMS4	168	\N
548fa728-532d-4181-b610-f0ed9d5fcfda	2024-04-26 13:12:40.377581	2024-04-26 13:12:40.377581	11:30:00	11:45:00	DECISION TREE ALGORITHMS TO DETERMINE GCE ORDINARY LEVEL STUDENT PERFORMANCE FACTORS INFLUENCING ENGLISH AS A SUBJECT	913b3a9b-6702-4d75-b6c8-70a6d99896aa	ICTMS4	44	\N
12602d57-b9c7-43d8-b6a2-3428e856731b	2024-04-26 13:12:40.386821	2024-04-26 13:12:40.386821	08:30:00	08:45:00	GENERALIZED LAMBDA DISTRIBUTION BASED QUANTILE REGRESSION MODEL TO ANALYZE THE EXCHANGE RATE MOVEMENTS IN SRI LANKA	fda7fd46-616b-4f98-a7f7-1f837ab25bff	ICTMS3	106	\N
b7e8564b-c665-42ce-9d05-4976d9b27b37	2024-04-26 13:12:40.386525	2024-04-26 13:12:40.386525	11:45:00	12:00:00	COMBINING FASTTEXT EMBEDDINGS WITH NEURAL NETWORKS FOR SHORT TEXT CLASSIFICATION	0c2ee73e-0668-4942-99f1-e0edd63c4e4b	ICTMS4	110	\N
2d8b26cc-e380-4f24-8cc1-97d65b9f6381	2024-04-26 13:12:40.386687	2024-04-26 13:12:40.386687	13:30:00	13:45:00	STUDY ON h-FUNCTION OF A BOUNDED SIMPLY CONNECTED REGION: DISC WITH DELETED DOUBLE SLITS	5d476433-8b9a-4267-8f36-73ad9a3a12f6	ICTMS5	40	\N
9171e043-666e-4c3e-8985-47e1fe7509bd	2024-04-26 13:12:40.478021	2024-04-26 13:12:40.478021	11:00:00	11:15:00	ETHNOBOTANY OF MEDICINAL PLANTS IN TREATING DIABETES MELLITUS AMONG INDIGENOUS MEDICAL PRACTITIONERS IN JAFFNA,  SRI LANKA	ff4d24aa-11f1-4964-b772-b8c509cf8190	LS1	5	\N
5c72f16a-a1aa-40c5-99a2-90cce50ac135	2024-04-26 13:12:40.477417	2024-04-26 13:12:40.477417	11:15:00	11:30:00	EVALUATION OF TOXICITY OF AQUEOUS EXTRACT OF HEMIDESMUS INDICUS R. BR. (IRAMUSU) USING BRINE SHRIMP ASSAY	5d2eea22-1e3e-4d26-bac8-051276b37873	LS1	15	\N
575f2ae7-07f2-4b0d-a268-cadb0088cd55	2024-04-26 13:12:40.477992	2024-04-26 13:12:40.477992	14:00:00	14:15:00	Fuzzy Inference System to Identify Disaster Risk Levels in Sri Lanka	3ebff538-dbf3-487a-b082-2548e32561d2	ICTMS5	59	\N
a648906a-e4d4-4e1f-b2bf-17ee74f5334a	2024-04-26 13:12:40.477311	2024-04-26 13:12:40.477311	14:45:00	15:00:00	A NEW METHOD USING THE GEOMETRIC MEAN TO SOLVE TETRAD FUZZY TRANSPORTATION PROBLEMS	15044d78-801c-435a-8fcb-4978ec186ed7	ICTMS5	85	\N
81efa0a5-9e7a-47d1-a8bc-827d75601921	2024-04-26 13:12:40.486816	2024-04-26 13:12:40.486816	12:00:00	12:15:00	BIOACTIVITY STUDIES OF ALPINIA CALCARATA AND GLORIOSA SUPERBA LEAVES EXTRACTS	088041ae-2bb8-4a86-8ecb-57e9c1cc08f8	LS1	117	\N
5ab8b298-c330-42f5-b337-fcec6649f65e	2024-04-26 13:12:40.486567	2024-04-26 13:12:40.486567	11:45:00	12:00:00	REVIEW ON SRI LANKAN MEDICINAL PLANTS WITH POTENT TYROSINASE INHIBITORY ACTIVITY (A PRELIMINARY REVIEW)	4a093aa0-c891-4a55-8a55-31cd5f6365fc	LS1	46	\N
18071b83-55f7-4bee-92b7-51ee345ce274	2024-04-26 13:12:40.486633	2024-04-26 13:12:40.486633	11:30:00	11:45:00	TOXICITY OF HYLOCEREUS POLYRHIZUS SEEDS USING BRINE SHRIMP ASSAY	b7cf867e-847c-4461-aedb-a96d96ef5b2b	LS1	39	\N
8dece15b-2456-4fb8-ac0b-c2d217fb5540	2024-04-26 13:12:40.577579	2024-04-26 13:12:40.577579	11:00:00	11:15:00	FIRST MOLECULAR PHYLOGEOGRAPHIC AFFINITIES OF SAW-SCALED VIPER OF THE GENUS ECHIS (SERPENTES: VIPERIDAE) FROM SRI LANKA	d0b643ee-fde7-4d64-863c-d3ead63ea8b7	LS2	57	\N
71d55fe5-8146-4a69-b84d-f69c0086a003	2024-04-26 13:12:40.577489	2024-04-26 13:12:40.577489	11:15:00	11:30:00	CHALLENGES IN CONTROLLING INSECT PESTS OF STORED GRAIN PRODUCTS IN SRI LANKA: INSIGHTS INTO INSECTICIDE METABOLIZING ENZYMES AND TARGET-SITE ALTERATIONS	557ac130-e71d-4277-93a8-ffea4c5ecea9	LS2	88	\N
95094267-b9f9-4707-abc5-1f001855ba8a	2024-04-26 13:12:40.578013	2024-04-26 13:12:40.578013	12:30:00	12:45:00	MORPHOMETRIC ANALYSIS OF GENUS PIPER (PIPERACEAE),  SRI LANKA	026d7eda-78b3-461a-8226-67a25184ec7b	LS1	153	\N
2e163b20-770c-4d2e-99cb-d9f4842dace0	2024-04-26 13:12:40.577866	2024-04-26 13:12:40.577866	11:30:00	11:45:00	DIVERSITY OF ICHTHYO FAUNA AT THE UPPER NORTHERN BASIN OF THONDAMANARU LAGOON,  JAFFNA,  SRILANKA	7753c743-b7a2-4368-b683-abf33ac0f83e	LS2	125	\N
060015c8-b2f2-4ca3-8f13-919c3ae6d478	2024-04-26 13:12:40.587484	2024-04-26 13:12:40.587484	14:00:00	14:15:00	CUTICLE THICKNESS OF LARVAE OF PYRETHROID RESISTANT CULEX QUINQUEFASCIATUS MOSQUITOES IN SRI LANKA	2a7e6453-40f7-4109-b095-7bef6a817c36	LS3	10	\N
57cad81c-9313-4603-8c19-58a4672b676b	2024-04-26 13:12:40.587136	2024-04-26 13:12:40.587136	14:15:00	14:30:00	MOSQUITOCIDAL POTENTIAL OF ETHANOLIC ALLIUM SATIVUM (GARLIC) EXTRACTS AGAINST AEDES AND CULEX MOSQUITO LARVAE IN SRI LANKA	17eb31b0-6861-43f8-a775-cb91576385be	LS3	11	\N
46c85661-e74b-4216-80f3-70c2f4cab1de	2024-04-26 13:12:40.586937	2024-04-26 13:12:40.586937	12:15:00	12:30:00	IMPACT OF HABITAT TYPE AND FLORAL RESOURCE AVAILABILITY ON GROUND-NESTING BEE ESTABLISHMENT IN AN AGRO-NATURAL LANDSCAPE	f11f07a7-fa89-48ec-b69b-e474386524e1	LS2	192	\N
3f3b0bf7-2aab-42e1-835c-da3af7a6a4d6	2024-04-26 13:12:40.677284	2024-04-26 13:12:40.677284	15:30:00	15:45:00	PANTALA FLAVESCENS (WANDERING GLIDER) AND CERIAGRION COROMANDELIANUM (YELLOW WAXTAIL) AS PREDATORS OF PREIMAGINAL STAGES OF AEDES AEGYPTI (DIPTERA: CULICIDAE) IN FRESH AND BRACKISH WATER HABITATS FROM JAFFNA,  NORTHERN SRI LANKA.	40baa660-7717-4c68-a3cd-3e78743469f9	LS3	178	\N
fc818efa-6d87-4486-a48a-73e059e6e817	2024-04-26 13:12:40.677473	2024-04-26 13:12:40.677473	15:15:00	15:30:00	CYTOKINE RESPONSES OF DIFFERENT CATEGORIES OF LYMPHATIC FILARIASIS PATIENTS IN GALLE DISTRICT,  SRI LANKA	d238773a-e816-458b-9d88-55235e08dcee	LS3	176	\N
ef70f437-29bb-4830-8b2e-25a1da7f85f8	2024-04-26 13:12:40.677734	2024-04-26 13:12:40.677734	14:45:00	15:00:00	EFFECT OF PHYSICOCHEMICAL PARAMETERS OF BREEDING WATER ON FITNESS OF DENGUE VECTOR MOSQUITOES	47ff2205-d352-45d5-a2b6-7a4862cd4cf4	LS3	26	\N
f90b00a4-72d6-4aa5-82ef-e46c69b8be89	2024-04-26 13:12:40.67703	2024-04-26 13:12:40.67703	14:30:00	14:45:00	OVICIDAL AND OVIPOSITION DETERRENCE PROPERTIES OF TABERNAEMONTANA DIVARICATA (APOCYNACEAE) AGAINST AEDES ALBOPICTUS AND CULEX QUINQUEFASCIATUS IN SRI LANKA	47ff2205-d352-45d5-a2b6-7a4862cd4cf4	LS3	22	\N
36aa31d6-8e40-4bed-8643-15a591a92119	2024-04-26 13:12:40.687064	2024-04-26 13:12:40.687064	14:45:00	15:00:00	COMPARATIVE EVALUATION OF RT-PCR KITS AVAILABLE IN SRI LANKA FOR DIAGNOSIS OF SARS-CoV-2	8ac77f25-5b7a-4fad-af91-a75bf9bce9de	LS4	52	\N
018f34d8-97f5-4bf4-9fd2-34b3122b3b01	2024-04-26 13:12:40.686983	2024-04-26 13:12:40.686983	14:30:00	14:45:00	CUTANEOUS LEISHMANIASIS: AWARENESS OF PUBLIC ABOUT THE DISEASE AND THE VECTOR IN SRI LANKA	155e42a9-1361-411f-8321-37bf5867294c	LS4	49	\N
1a199d02-29ae-4405-ad10-f3574daf878a	2024-04-26 13:12:40.686824	2024-04-26 13:12:40.686824	15:00:00	12:03:00	ASSESSMENT OF RETAINED MICROFLORA AND THE PRESENCE OF HUMAN DNA ON USED TOOTHBRUSHES USING PCR	8ff09252-dd81-4f22-b3c8-a38c593e2b50	LS4	82	\N
e19419e1-2636-441d-9aa7-2591e8ceae49	2024-04-26 13:12:40.777637	2024-04-26 13:12:40.777637	15:30:00	15:45:00	EVALUATION OF PRIMERS DESIGNED FOR NESTED PCR TO DETECT P2 CLADE OF LEPTOSPIRES CAUSE LEPTOSPIROSIS IN HUMANS AND ANIMALS	3fe1151e-ad7d-4dc4-ab26-f4a4a5a22355	LS4	143	\N
16e97685-9bc2-4c29-a0c1-d03807030d0a	2024-04-26 13:12:40.778005	2024-04-26 13:12:40.778005	15:15:00	15:30:00	ANAPLASMOSIS IN DOGS: A REVIEW ON SOUTH AND SOUTH EAST ASIAN COUNTRIES	57ced8f2-e945-4779-a9c5-452ffa3b931c	LS4	84	\N
237654e7-3e8b-4c93-8c6d-d0c1a36749f7	2024-04-26 13:12:40.777549	2024-04-26 13:12:40.777549	08:15:00	08:30:00	RAPID DETECTION AND MOLECULAR AUTHENTICATION OF SANDALWOOD MARKET SAMPLES USING HIGH RESOLUTION MELTING ANALYSIS	b7345c7b-c384-4759-8274-d44195c897da	LS5	102	zoom
7e374a66-82bd-45d4-979b-27314fe0e775	2024-04-26 13:12:40.778159	2024-04-26 13:12:40.778159	08:45:00	09:00:00	VIABILITY OF PROBIOTIC BACTERIA INHABITING TENDER COCONUT WATER UNDER ARTIFICIAL SALIVA AND SIMULATED GASTROINTESTINAL JUICE CONDITIONS	ae6a5558-eb16-4a2a-a49c-b8bf4fe71613	LS5	97	zoom
aba07fa5-8782-476f-8776-56a9cca81f72	2024-04-26 13:12:40.78706	2024-04-26 13:12:40.78706	09:15:00	09:30:00	SOLUBILITY ENHANCEMENT OF THE AHL LACTONASE (jsvC) IDENTIFYIED FROM DERMACCOCUS NISHINOMIYAENSIS	bcf53a5b-832f-4682-b373-c4f849118f12	LS5	161	zoom
3aa518da-25bc-4728-a7bd-2beb1e7e833f	2024-04-26 13:12:40.796634	2024-04-26 13:12:40.796634	09:30:00	09:45:00	"IDENTIFICATION OF BACTROCERA DORSALIS AND B. KANDIENSIS VIA PCR-RFLP,  ASSESSED TRAINING AND TEST DATA"	216c882e-07df-4997-aaa4-aa550fecc2ae	LS5	170	zoom
56a58a71-e2ce-4acf-b07d-9d1f16eaaf19	2024-04-26 13:12:40.896859	2024-04-26 13:12:40.896859	11:00:00	11:15:00	POTENTIAL USE OF THE JELLYFISH Acromitus flagellatus VENOM AS A BIOINSECTICIDE AGAINST RICE WEEVIL,  Sitophilus oryzae (L.) (COLEOPTERA: CURCULIONIDAE)	fb924460-29da-4bc2-a399-e9ef54f396c7	LS7	87	\N
6b466517-b030-4e6d-8cde-157e94d8a01b	2024-04-26 13:12:41.116853	2024-04-26 13:12:41.116853	11:15:00	11:30:00	REMOVAL OF MAGNESIUM IONS BY FUNCTIONALIZED CARBON NANOTUBE	d5533d77-5c4f-48c6-8337-529a4e690047	PS1	48	\N
42799f67-883c-4231-afa2-0e5a3fca87dc	2024-04-26 13:12:41.216955	2024-04-26 13:12:41.216955	12:00:00	12:15:00	SELECTIVE REDUCTION OF GRAPHENE OXIDE DEPOSITED ON HEAT-SENSITIVE SUBSTRATES	ff65ca5c-2328-42d0-a52f-45cd800e6b07	PS2	122	\N
da284158-6e67-47e1-9530-79dc2a19928f	2024-04-26 13:12:41.316959	2024-04-26 13:12:41.316959	15:15:00	15:30:00	Comparative study on nutritional components and antioxidant activities of a local wild grape variety,  Ampelocissus indica (L.) Planch and a commercial grape variety,  Vitis vinifera L.	677f8367-e8fd-4b34-a33b-841764e39d7a	PS3	134	\N
54b0c834-4465-4b88-b09a-f7fbc614fc16	2024-04-26 13:12:41.426685	2024-04-26 13:12:41.426685	08:45:00	09:00:00	ANALYSIS OF AFM IMAGES FOR INVESTIGATING THE MORPHOLOGY AND POROSITY OF FLUORINE-DOPED TIN OXIDE THIN FILMS	2c32ed93-f9b8-47d5-b0ff-334e3ec84924	PS5	163	zoom
8d36eec1-8c40-48bf-b191-bfd5401f361f	2024-04-26 13:12:41.647901	2024-04-26 13:12:41.647901	15:00:00	15:15:00	CHARACTERIZATION OF HYDROGEN PEROXIDE-INDUCED PROGRAMMED CELL DEATH IN SELECTED MICROCYSTIN PRODUCING CYANOBACTERIA: CYTOTOXIC EFFECTS ON CELLULAR MICROCYSTIN CONTENT	d08b5472-235c-4000-8363-42d797ddfefb	EES2	135	\N
e791051d-bc62-4cae-b54c-8118993bd425	2024-04-26 13:12:41.747254	2024-04-26 13:12:41.747254	10:30:00	10:45:00	SPATIAL MULTI-CRITERIA EVALUATION (SMCE) MODEL FOR LANDSLIDE HAZARD ZONATION USING GEOGRAPHIC INFORMATION SYSTEM (GIS) - A STUDY FROM KANDY DISTRICT	2472886f-dd0b-4ad0-b923-07338af6809d	EES4	3	\N
9844bf14-9060-4e76-9f42-8c62c135c389	2024-04-26 13:12:41.847298	2024-04-26 13:12:41.847298	14:45:00	15:00:00	SOFT TEMPLATE-LESS ASSEMBLY OF A SHEATH OF NANOSTRUCTURED POLYANILINE ON LIGNOCELLULOSIC COIR FIBER: AN APPROACH TO A POROUS COMPOSITE SYNTHESIS BY IN-SITU POLYMERIZATION	eefe47e7-5025-4910-b304-fe8a7b4ee3b4	EES5	169	\N
d0d32c41-f415-4229-a338-79cb9488bc43	2024-04-26 13:12:41.59743	2024-04-26 13:12:41.59743	14:15:00	14:30:00	PREVALENCE OF ANTIBIOTIC RESISTANCE BACTERIA ALONG THE MAHAWELI RIVER SEGMENT BETWEEN KOTAGALA AND BALAGOLLA	4a0b5fc3-68aa-4a64-b6de-1d562c17b3a8	EES2	107	\N
8a3daf58-c20a-40fa-9f66-2c9a4473755e	2024-04-26 13:12:41.697737	2024-04-26 13:12:41.697737	09:00:00	09:15:00	MICROPLASTIC POLLUTION IN DONDRA LAGOON,  SOUTHERN COAST OF SRI LANKA; INFLUENCE ON HABITAT AND FEEDING MODE OF SELECTED FISH SPECIES	2dac8e77-81e0-4f09-9f82-fc53465ef6db	EES3	145	\N
9c96122b-dba5-4196-9058-b69010c1e290	2024-04-26 13:12:41.797253	2024-04-26 13:12:41.797253	13:30:00	13:45:00	EVALUATION OF DIFFERENT SUBSTRATES FOR HYDROLYSIS AND SUBSEQUENT METHANOGENESIS IN THE ANAEROBIC REACTOR	de382bf4-6de8-45c2-bc82-97538fad1f65	EES5	62	\N
\.


--
-- Data for Name: sessions; Type: TABLE DATA; Schema: public; Owner: rescon
--

COPY public.sessions (id, created_at, updated_at, start_time, end_time, date, session_id, session_chair_ids, session_item_ids, panal_discussion_ids, plenary_talk_ids, category, location) FROM stdin;
8c9f3a1e-9eac-4700-9d37-89f65b2bcce4	2024-04-26 13:10:12.96744	2024-04-26 13:10:12.96744	14:00:00	16:00:00	2023-11-03	ICTMS2	77075316-ee40-45e9-864c-972ec269865a	330433ff-0678-480e-a18f-903a72b5a441	60a3976e-98e2-4af1-bdc2-a448fadae38f	\N	ICT, Mathematics and Statistics	A3.2
94dd8902-4e93-4216-ac74-001ee98899e3	2024-04-26 13:10:12.968074	2024-04-26 13:10:12.968074	14:00:00	16:00:00	2023-11-03	LS3	ab590937-df9d-4660-b933-3a8a31230f6c	b54eafc9-ee61-4c4c-bdaa-0b11a09df528	84bf1bf3-25e6-44de-bcb5-678442a2d886	\N	Life Sciences	C2.4
1ac56d56-307f-4681-9834-cf2208316f1b	2024-04-26 13:10:12.976859	2024-04-26 13:10:12.976859	08:00:00	10:00:00	2023-11-04	LS5	070d1541-e5c8-4ae7-9ad9-ee934f2a7a9b	5d32ead9-f366-4a07-a4af-7259b7f537c3	bba89373-21a9-4410-b94c-633db16d9376	\N	Life Sciences	C2.4
f89e3a3d-d285-4bc0-b0dc-0995fc5f28a8	2024-04-26 13:10:12.957935	2024-04-26 13:10:12.957935	08:00:00	10:00:00	2023-11-04	ICTMS3	8a55cc56-6f3d-4298-a6d6-a70cc0080ef0	c81def57-1e02-4b78-961c-6fa77c70ab2c	9ec05f6b-96f5-44ad-b975-213cc2f3e2d9	\N	ICT, Mathematics and Statistics	A3.2
c490c9b2-0d62-4f23-8a20-8a7f241908a2	2024-04-26 13:10:12.967854	2024-04-26 13:10:12.967854	11:00:00	01:00:00	2023-11-03	ICTMS1	84741eba-2da8-4ceb-946f-6f9fe4bb600a	3cda2b69-a81d-4f5c-a8a5-e59a152a790e	3457ef38-a9e7-4629-a73a-a65c6fcaf0d4	\N	ICT, Mathematics and Statistics	A3.2
bac5854e-7ff0-49a7-871e-56030da65747	2024-04-26 13:10:12.967906	2024-04-26 13:10:12.967906	13:30:00	15:30:00	2023-11-04	ICTMS5	8f050edc-17d2-40a7-bd0c-46bf5e3d3e4c	873814e4-ab33-4c9b-9ecf-c6778693693d	2ac0c5cf-6083-4e48-9ca5-15451f8db199	\N	ICT, Mathematics and Statistics	A3.2
e749b91f-60ea-4f6e-aa2e-9c2c725a6468	2024-04-26 13:10:12.96771	2024-04-26 13:10:12.96771	11:00:00	01:00:00	2023-11-03	LS2	0034ace0-294d-42f1-9929-c589a02ed605	ef99eaa6-6849-46b5-b46c-f5a6d1212534	7639bc4c-aa13-4fed-b2f2-179565eaa277	\N	Life Sciences	A1.1
5a31fa60-02fa-44c9-860d-ce15c81fbce1	2024-04-26 13:10:12.967753	2024-04-26 13:10:12.967753	14:00:00	16:00:00	2023-11-03	LS4	9c9d4561-91e0-42af-b0f3-600a1a2df491	82b1c4d1-07f7-4015-b0f9-848ee31e78c6	0379d34d-ea0d-4421-8d69-45792ca0088a	\N	Life Sciences	A1.1
00d0170a-9001-4a47-a4a7-20a5e16c3e91	2024-04-26 13:10:12.976874	2024-04-26 13:10:12.976874	11:00:00	01:00:00	2023-11-03	LS1	32ac0e0a-1662-421b-9325-5f26e15163dc	c57c3db4-29c6-4c1d-8d40-65cd3475df55	c061c082-f399-4337-bc15-a509debfaa26	\N	Life Sciences	C2.4
57af07b7-24d6-4fe7-ad5a-4e7fe022ca93	2024-04-26 13:10:13.056579	2024-04-26 13:10:13.056579	08:00:00	10:00:00	2023-11-04	LS6	fc9dda02-a3ec-4fe5-81aa-a299aa0459cc	6c13b10e-aa52-40da-9138-c99a7ca2960d	f4c3b07a-7ff0-42f5-bea6-25f0b6241f1b	\N	Life Sciences	Auditorium
8f3d87fd-c51d-4b8a-b4cb-8cc6b514351f	2024-04-26 13:10:13.067082	2024-04-26 13:10:13.067082	14:00:00	16:00:00	2023-11-03	PS4	9ed63a23-5a19-4eac-8c8a-e25227af34ee	fc9c4771-d248-4fc5-88e3-4ac1480ec099	65b1ef8d-f608-4bd3-b7cf-5b95f85373fd	\N	Physical Sciences	C2.6
0f69b48c-55ea-41ec-b105-abac6836ce7e	2024-04-26 13:10:13.066871	2024-04-26 13:10:13.066871	13:30:00	15:30:00	2023-11-04	LS9	e128790e-2964-4124-a05d-43115ec9ed7b	61158b58-4b0e-4c6f-8ff0-276d38e0e327	40acdcce-7c17-488b-9a2c-84e103b99b09	\N	Life Sciences	C2.4
7010e6d7-e60b-49d2-bbe2-24a886915d05	2024-04-26 13:10:13.067216	2024-04-26 13:10:13.067216	10:30:00	12:30:00	2023-11-04	LS7	f70e99d5-9a3a-4f74-a059-bcebd0a8b9ed	19f915f4-e1b8-4682-97f0-a674337eef0b	65361feb-b84d-4c01-99d0-145d3bc25353	\N	Life Sciences	C2.4
c8e35284-0b2a-4c75-9154-65325f5afc1c	2024-04-26 13:10:13.066717	2024-04-26 13:10:13.066717	11:00:00	01:15:00	2023-11-03	PS1	e9b4301b-40e1-4462-9a1e-c941e80ceea7	6e2c4a9b-8a9a-4883-9c6c-9f2cb6d86935	f3dc0025-2c67-4954-bb89-4c8d3f43b48c	\N	Physical Sciences	C2.6
61411918-16d1-4092-a2f7-8647ac83e357	2024-04-26 13:10:13.067365	2024-04-26 13:10:13.067365	10:30:00	12:30:00	2023-11-04	LS8	a720e892-d1ed-43f2-b30a-a2bd0f6d4516	1f794b50-f042-40db-bcb2-ebec1fe7b02f	e156829e-53e3-4f70-8060-e7abd618c5a3	\N	Life Sciences	Auditorium
a71b0c48-b18c-46db-aa54-0b6db33d63a7	2024-04-26 13:10:13.067075	2024-04-26 13:10:13.067075	11:00:00	01:00:00	2023-11-03	PS2	a02cad7c-3fd2-4fae-a1f3-7c15ce33ece0	d2e1d183-e0d9-4acd-84c8-8886c477702c	c40f377a-7d33-4276-9cf0-1d46c0ad05a3	\N	Physical Sciences	C2.5
ec8a854f-f1f7-4049-8558-b4e260125a7b	2024-04-26 13:10:13.086473	2024-04-26 13:10:13.086473	14:15:00	15:30:00	2023-11-04	PS6	dba321ab-eea2-4103-a77c-41e1684feb4e	d5643d9e-c56b-44d8-80eb-d743ff2c85b0	010c40f6-ca10-408d-a54f-332de31fc007	f21c923f-3a72-4fd9-a80b-ee635c589fc9	Physical Sciences	C2.5
0bc4b51c-c31e-4f54-bf5f-1f2164213641	2024-04-26 13:10:12.967465	2024-04-26 13:10:12.967465	10:30:00	12:30:00	2023-11-04	ICTMS4	9f9a56d3-69a9-46ce-830b-362b14e37e38	5f7ed7c8-cd42-4e4d-9261-83e42fa81b4b	6ae1d520-074b-4623-9fc1-eb6fe06f5042	0ad74b55-40d8-4d39-8cfb-3070153d484e	ICT, Mathematics and Statistics	A3.2
b11a012c-091e-450d-b65e-669435f5cdc3	2024-04-26 13:10:13.066735	2024-04-26 13:10:13.066735	14:00:00	16:15:00	2023-11-03	PS3	e3f314ac-360a-48f5-8fa1-92a737837def	091c7081-d6cb-4d0f-95c4-4dd7d95d5f63	88f438e4-63a0-4b6d-a525-acad4a6e441b	\N	Physical Sciences	C2.5
ad5cd3b2-1c61-4bcb-a73e-483f034cdc62	2024-04-26 13:10:13.086643	2024-04-26 13:10:13.086643	08:00:00	10:15:00	2023-11-04	PS5	8225ee46-775a-4d97-a0b1-2cac524b51d9	b9e9e59a-618e-450b-9244-5f94c6c032f9	9d5ef74b-738a-4878-a8b7-03e0be540916	\N	Physical Sciences	C2.5
a050d1fe-0ade-4352-ac06-b98ba96f9237	2024-04-26 13:10:13.156417	2024-04-26 13:10:13.156417	11:45:00	01:00:00	2023-11-03	EES1	97cc5fd3-9ed5-450f-9695-66647ae15fa0	ce24fea6-dd3b-4569-a127-2ec104bd5826	c5445b12-5b40-40c6-bd7b-234b160e22c4	1cc5a5cf-e403-4050-a366-19bb4b60d816	Earth & Environmental Sciences	A3.1
d53e6ff0-cd1e-4b23-b524-1566a3ca5d6d	2024-04-26 13:10:13.166718	2024-04-26 13:10:13.166718	08:00:00	10:00:00	2023-11-04	EES3	d4a1cebe-540d-48a6-aa95-e05343545673	2e2e9ddd-a19c-47ae-9039-1cd472a776e3	14a7703e-90ad-405b-8a18-a2e839f65a02	\N	Earth & Environmental Sciences	A3.1
d1546521-fad2-4e27-90f2-ccc017fc6495	2024-04-26 13:10:13.176452	2024-04-26 13:10:13.176452	14:00:00	16:00:00	2023-11-03	EES2	ecf1f6fd-f80a-4c02-9bc9-93fd681cc4d7	6e2970c4-b147-4224-9217-5fbce7c0e90d	c3ecc890-97bd-482d-bcf5-e7ed48affaeb	\N	Earth & Environmental Sciences	A3.1
080c4a8b-0d8c-42e4-ab12-beddca27332d	2024-04-26 13:10:13.166427	2024-04-26 13:10:13.166427	13:30:00	15:30:00	2023-11-04	EES5	425b1f3e-8bc8-4c85-969f-095b670b1396	3847af1a-311b-4625-831b-b10ae8395015	d7bdc00a-3146-40da-a089-ed1ef34a5b97	\N	Earth & Environmental Sciences	A3.1
82d3e0b6-ceea-4dce-9849-677b0e1a5299	2024-04-26 13:10:13.166499	2024-04-26 13:10:13.166499	10:30:00	12:30:00	2023-11-04	SE1	e8ae3408-29f3-4328-8e19-e96f9ec80536	098f3652-7d7a-4ac3-b6e4-a60e28b6228e	d4099d46-e0fc-45bd-910d-2c0c55a0850b	\N	Science Education	C2.6
1f462a48-578b-4d71-b594-7c677aea75ba	2024-04-26 13:10:13.166879	2024-04-26 13:10:13.166879	10:30:00	12:30:00	2023-11-04	EES4	224e5dd6-4eb9-453b-b99f-14ed559641ee	2a374081-ad32-4f2a-9a33-5896c61b10bc	f5903a8c-f80c-4ac2-b124-fd2e391407ae	\N	Earth & Environmental Sciences	A3.1
cac00879-d1f8-4568-87ca-86ffcd1b3414	2024-04-26 13:10:13.166632	2024-04-26 13:10:13.166632	13:30:00	15:30:00	2023-11-04	SE2	b57e8873-24af-4c00-a98f-999083ca6f6c	963cd716-36a3-4e71-a586-32d6e88e54ae	63a06308-4097-4497-a934-66e0400e12d6	6de99b79-747f-4848-8be7-a475295ccdc8	Science Education	C2.6
\.


--
-- Data for Name: users; Type: TABLE DATA; Schema: public; Owner: rescon
--

COPY public.users (id, created_at, updated_at, username, email, password, name, role_name, chairing_sessions, nic, presenting_sessions, institute, registered, "registeredAt", "studentRegNo") FROM stdin;
51005c70-29d9-4e66-bb9e-71747d1d310f	2024-04-26 14:09:53.679402	2024-04-26 14:09:53.679402	RG64aeec	srgna@ou.ac.lk	$2b$10$A8Y6ZsTfYVTOd6CZknp0ZOEl/TQgMM3JBzrdm3QxhcMCE80Q7aXmi	Mr S. R. Gnanapragasam	presenter	\N	198004301247	12	The Open University of Sri Lanka 12	\N	\N	\N
5d2eea22-1e3e-4d26-bac8-051276b37873	2024-04-26 14:09:53.828392	2024-04-26 14:09:53.828392	DTMd2d12e	kiu.b56365@kiu.ac.lk	$2b$10$k5jcLC/3WoNFNYtTteqp/.1mpWPFhCwR9mKZojVDLokF80YkbU.M.	Mr H.D.T. Madhuranga	presenter	\N	972412708v	15	 KIU"  Faculty of Health Sciences "Department of Biomedical Science 15	\N	\N	\N
ba733bd4-b207-44ce-8d45-8be1095b7085	2024-04-26 14:09:53.998208	2024-04-26 14:09:53.998208	WMPN17652b	madhawa.nawarathne.93@gmail.com	$2b$10$RdRbuFt.Rr9209T9qMeK9OeUtukvcYfNRyhiSy5AFAuiVoIDOhOl6	Mr M.W.M.P. Nawarathne	presenter	\N	933593533V	33	 University of Peradeniya" "PGIS 33	\N	\N	\N
4a093aa0-c891-4a55-8a55-31cd5f6365fc	2024-04-26 14:09:54.158322	2024-04-26 14:09:54.158322	WASG79b8a5	drayeshasg@gmail.com	$2b$10$4TFZSXZbI8eP41l8XFcXOun26iTWnbXx9/G/x1dIgMr6Bt10Uh.AS	Ms B.W.A.S.Gunarathna 	presenter	\N	935120233V	46	University College Of Kuliyapitiya  46	\N	\N	\N
b5b19077-09ea-4512-b9e4-da2d472c08fa	2024-04-26 14:09:54.318627	2024-04-26 14:09:54.318627	MKGW0a53f1	gaya3wijerathna@gmail.com	$2b$10$XDVSb8VbgS5.CLWy.H8Iou7rHkGu.V7GDR0cNSvjN5NpEkYF5sonq	Ms W.M.K.G.Wijerathna	presenter	\N	886173261V	61	PGIS 61	\N	\N	\N
3189cd2d-330e-46ab-94c5-997aaa88654c	2024-04-26 14:09:54.478105	2024-04-26 14:09:54.478105	MDCBc804a9	chathurikabandarad@gmail.com	$2b$10$RizV1N0Fmqe4Y6Mj4yPOlO8dxPTHSoieG.JnQ5m8O3OMXYbgVrDT6	Ms S.M.D.C. Bandara	presenter	\N	937472803V	74	 University of Peradeniya" "Postgraduate Institute of Agriculture 74	\N	\N	\N
fb924460-29da-4bc2-a399-e9ef54f396c7	2024-04-26 14:09:54.637973	2024-04-26 14:09:54.637973	DS71da5f	vishdulanji@gmail.com	$2b$10$NykxgNrIpIBb6j9flQhYLuOaj1cLu3jE0Bor3PGZtaeFZYtjjN8Aq	Ms V.D.Samaraweera	presenter	\N	966030313V	87	University of Sri Jayewardenepura 87	\N	\N	\N
e597464a-d2d5-40d4-8d1d-2fb597d8f669	2024-04-26 14:09:54.787897	2024-04-26 14:09:54.787897	AMAGDMG770e6f	dilushag@sci.pdn.ac.lk	$2b$10$xtbneKlmUB9INYRPomPkL.aIV8wjSgVTljzQq1OuGfdm8rmit7t4i	Ms K.A.M.A.G.D.M. Gunathilaka	presenter	\N	956600960V	100	 University of Peradeniya"  Faculty of Science "Department of Botany 100	\N	\N	\N
e27aa19b-ff3a-49ff-b5fe-e0cff2051ad7	2024-04-26 14:09:54.957725	2024-04-26 14:09:54.957725	TSe63c6f	uvinisenanayake1996@gmail.com	$2b$10$cnk9mFJVCg3R65lori8Fwe4C6M6EVxRu.0YY9JDrDeRMzmBgvf9Pm	Ms U.T. Senanayake	presenter	\N	714342249	111	 University  of Peradeniya." "Faculty of Science 111	\N	\N	\N
0a81bb6b-3ee0-40f6-ae96-4de4a72c282e	2024-04-26 14:09:55.118011	2024-04-26 14:09:55.118011	GSS60081f	sanajangamaarachchi@gmail.com	$2b$10$YYaAN6XOnzbvhmwyt/lALOGW2jnlfgsSL1adNmja.b.dTr/gqXYLq	Ms G. G. S. Sithumini	presenter	\N	965911820V	123	National Institute of Fundamental Studies  123	\N	\N	\N
a9903763-1f3e-4c37-9aee-66e3e79dd735	2024-04-26 14:09:55.277683	2024-04-26 14:09:55.277683	MTDT75fe78	tharalat@sci.pdn.ac.lk	$2b$10$.P6QPdq0hh7QnsyeVqc65OwaJP3s2Z9unSWAVaOBaD57/Jod0Pv46	Ms T.M.T.D. Thennakoon	presenter	\N	946450782V	132	Postgraduate Institute of Science 132	\N	\N	\N
7bd7183e-7e0d-421d-88b5-abde3d45cbe9	2024-04-26 14:09:55.448088	2024-04-26 14:09:55.448088	ICLDZe98414	isuruchamara8@gmail.com	$2b$10$ypqoZrRvHsvOxaEKahrp0.dB.YpoUb/MuQP6Uyyb8b1Irq26Kf1sG	Mr G.I.C.L De Zoysa	presenter	\N	921790880V	146	Rajarata University of Sri Lanka 146	\N	\N	\N
6343440a-5edf-43b8-9846-81ae8b2da1db	2024-04-26 14:09:55.598831	2024-04-26 14:09:55.598831	PH56926d	pradeephewage80@gmail.com	$2b$10$jaWFEn6Bb480Vducv0RRVOad8z.S2.3RMUAhazPb8y4b2e9S7HzeO	Mr K.P. Hewage	presenter	\N	950162651V	158	 University of Peradeniya" "Postgraduate Institute of Science 158	\N	\N	\N
7d1c94d5-76ff-425a-b92b-bfdd37beebb5	2024-04-26 14:09:55.778155	2024-04-26 14:09:55.778155	PDHNc26712	nawarathnadeshan@gmail.com	$2b$10$eFp4YLy/Fn2fE6Ovw/TKo.eOPpkvA88A6vlP7vcnH/xn/iZnmcs8a	Mr S.P.D.H. Nawarathna	presenter	\N	199728900480	168	University of Jaffna 168	\N	\N	\N
212f338f-44d2-4200-97a4-5f88d42e96be	2024-04-26 14:09:55.92784	2024-04-26 14:09:55.92784	MRTBc0f2fd	e17025@eng.pdn.ac.lk	$2b$10$6SXvH3uuh8jhO0UrqiqcTOoj2nfWALF2z1KCLDdb3UWIGf3ArGcPC	Mr R. M. R. T. Bandara	presenter	\N	199829502174	179	 Peradeniya."  University of Peradeniya  Faculty of Engineering "Department of Chemical and Process Engineering 179	\N	\N	\N
f11f07a7-fa89-48ec-b69b-e474386524e1	2024-04-26 14:09:56.088107	2024-04-26 14:09:56.088107	MDE13a248	deepthiekanayake0@gmail.com	$2b$10$1toiKiTD5iFwHplLzqYkmuNV2vEEnWaVst4MoE4LQ5BJRNtWEv9e6	Ms E.M.D. Ekanayake 	presenter	\N	936692524 V	192	 university of Peradeniya "  faculty of science "Department of Zoology 192	\N	\N	\N
f58c166a-956e-42a1-84e5-a1bc3fb84442	2024-04-26 14:09:56.247879	2024-04-26 14:09:56.247879	AHEA3a44e1	amarasinghehansi@gmail.com	$2b$10$EFCLhPzY8GasAEaWwQ5CZeHv17ZakOWHbXdfkxC6VwfJiIzf2qFBS	Ms A.A.H.E. Amarasinghe	paid_user	\N	977620066v		 University of  Peradeniya"  Faculty of Science "Department of Molecular Biology and Biotechnology 	\N	\N	\N
820bcd83-5db6-4f1e-b595-ca623ed90629	2024-04-26 14:09:56.40814	2024-04-26 14:09:56.40814	AARB3286d9	envlab@atg-glovesolutions.com	$2b$10$v8H9gSZzWvdcYhdMUtVVTeAd/uszQBUXEGc5tJGgbD9G5gag6BZCu	Mr B.A.A.R. Balasooriya	paid_user	\N	19808900574		ATG ceylon (pvt) ltd 	\N	\N	\N
84741eba-2da8-4ceb-946f-6f9fe4bb600a	2024-04-26 14:10:05.689217	2024-04-26 14:10:05.689217	APc6624a	default@email.com	$2b$10$c4z9x/p5Gw5LuIerq45OFeJm2X/nJUIP3IS9xt0qVOrEJuorE/KoC	Prof. AAI Perera	session_chair	ICTMS1	\N	\N	\N	\N	\N	\N
070d1541-e5c8-4ae7-9ad9-ee934f2a7a9b	2024-04-26 14:10:05.948273	2024-04-26 14:10:05.948273	JWDabc691	jilushid@sci.pdn.ac.lk	$2b$10$7KMfoT85v.bqU09/52quS.g3yTlm0yUms4xmkJz7Epvwo7ypvYu1i	Prof. J.W. Damunupola	session_chair	LS5	\N	\N	\N	\N	\N	\N
e9b4301b-40e1-4462-9a1e-c941e80ceea7	2024-04-26 14:10:06.108318	2024-04-26 14:10:06.108318	MYUGf64cae	default@email.com	$2b$10$As8Pk8QJx85F/squJ/96eu6DMy1ftq.pkWANaR1FzNE2/8DKU2vvy	Prof. Manawadevi. Y. U. Ganehenege	session_chair	PS1	\N	\N	\N	\N	\N	\N
dba321ab-eea2-4103-a77c-41e1684feb4e	2024-04-26 14:10:06.268399	2024-04-26 14:10:06.268399	RMGR1349f0	default@email.com	$2b$10$FGh/Q2zjFdWGjz181cugRuOVC3u31O//1BRSQz2G0Rp7IjSOhANtW	Prof. R.M. Gamini Rajapakse	session_chair	PS6	\N	\N	\N	\N	\N	\N
425b1f3e-8bc8-4c85-969f-095b670b1396	2024-04-26 14:10:06.438415	2024-04-26 14:10:06.438415	MW7df3b9	manjulaw@sci.pdn.ac.lk	$2b$10$gmtVDWHkjA/3aq0Q9/rgkOjhTtLXwIzamZgw4Z4oBzP268SYMPEKq	Dr. Manjula Wijesinghe	session_chair	EES5	\N	\N	\N	\N	\N	\N
2a7e6453-40f7-4109-b095-7bef6a817c36	2024-04-26 14:09:53.679517	2024-04-26 14:09:53.679517	6027f2	sachinip@sci.pdn.ac.lk	$2b$10$v4OBe.ILjWfj8uWSpzK7EO96jjqlOy.AnVW9yLQBP9VkzQiC.zify	Ms S  N Palliyaguru	presenter	\N	965811125V	10	 University of Peradeniya" "Postgraduate Institute of Science 10	\N	\N	\N
41b77340-daf6-40cd-932a-b6312263d597	2024-04-26 14:09:53.828367	2024-04-26 14:09:53.828367	M8cd942	meera4800@gmail.com	$2b$10$adZ1U5mxZkxzdZmoW0Gzu.RN2JHNSHXoosP.cQraG5fjkoRU4EPq6	Ms S.Meera	presenter	\N	846073205V	17	Post Graduate Institute of Science 17	\N	\N	\N
3b61e421-455d-4f47-89c9-e2106d47e0d3	2024-04-26 14:09:53.987986	2024-04-26 14:09:53.987986	RMKNLaa0625	kanchananithini31@gmail.com	$2b$10$ujmTGdppayovElRjrqPQF.09C4pEL8.LI8r7F8PRC8k9kJilavKYC	Ms L.R.M.K.N.Liyadipitiya	presenter	\N	965670980V	31	National Institute of Fundamental Studies 31	\N	\N	\N
913b3a9b-6702-4d75-b6c8-70a6d99896aa	2024-04-26 14:09:54.138116	2024-04-26 14:09:54.138116	AKBP6c916f	amilapinnawala@gmail.com	$2b$10$QB7Cj0kDK8QVXM8f.oUCru/IDLe2BzDndGdqbusqViHCZS0VMAZBK	Mr H.A.K.B.Pinnawala 	presenter	\N	891690355V	44	Kg/Mv/Parakrama maha vidyalaya 44	\N	\N	\N
3ebff538-dbf3-487a-b082-2548e32561d2	2024-04-26 14:09:54.308447	2024-04-26 14:09:54.308447	267eed	sachinikarunarathne94@gmail.com	$2b$10$SZHRuGwq47j2408gBIPQ4OSv4tn3KajMXuqw7eDLPJQGjm06KexiO	Ms AWSP Karunarathne	presenter	\N	199467601710	59	University of Colombo 59	\N	\N	\N
1613efe3-8cf5-4f7b-b7e8-c80f203ea3ba	2024-04-26 14:09:54.468052	2024-04-26 14:09:54.468052	SMH5af0a0	mohamedhisam93@gmail.com	$2b$10$SkQ47pdJTf0TvGQ3QfFt.uHhQTM7TzqVzQZoRnpnr78aGhWU9VQ/q	Mr M. S. Mohamed Hisam	presenter	\N	930760641V 	73	 University of Peradeniya" "PGIS 73	\N	\N	\N
15044d78-801c-435a-8fcb-4978ec186ed7	2024-04-26 14:09:54.617859	2024-04-26 14:09:54.617859	MTDKE73b4d6	tharikadkekanayake@gmail.com	$2b$10$2fNRRB4fDdKI1FCWMoXPkuOvlqyV.XMIwz.jpoh17nrMpQZRFcE8S	Ms E.M.T.D.K.Ekanayake 	presenter	\N	985781320V	85	The Open University of Sri Lanka  85	\N	\N	\N
6ce25b5f-5bec-471c-b21e-dd1448188446	2024-04-26 14:09:54.777994	2024-04-26 14:09:54.777994	RLSKc7cbae	lakmisau94@gmail.com	$2b$10$Sm/YlaIfBuH6KckwQUrrueVhVnJMSazxlu58t/MmcA8nrBVGf1jNC	Ms L.R.L.S. Kumari 	presenter	\N	199460202802	98,99,116	University of peradeniya  116" 99 "98	\N	\N	\N
aa4a4e01-5cd0-46ac-85a2-acaab1f9ba21	2024-04-26 14:09:54.927938	2024-04-26 14:09:54.927938	AWKde6639	warunik@sci.pdn.ac.lk	$2b$10$5KGzG6O82RvxZcOEeXih0e.xXdLzm1M.KmJ0uszeHActt7qtbAGUi	Ms P.A.W. Keshiya	presenter	\N	957812872v	109	Postgratuate Institute of Science 109	\N	\N	\N
98e1acef-fbe5-4edd-85fc-1489617a591f	2024-04-26 14:09:55.088117	2024-04-26 14:09:55.088117	GDTBK261426	dasun26kahawaththa@gmail.com	$2b$10$Hc.S6T.p3xU69tWrr9ivAebbiRn2sRstYlTSPg.NYmZ3PWgkCz5Q.	Mr K.G.D.T.B. Kahawaththe 	presenter	\N	973001132V	119	PGIS 119	\N	\N	\N
88b41a39-779b-4dfe-a689-a07397ce9932	2024-04-26 14:09:55.237686	2024-04-26 14:09:55.237686	MHRD503808	dmhrdissanayaka@gmail.com	$2b$10$7HfzyirDoA8puZd4dZ3RFOO/75F6cwpdPNRgqnxyUhVMBUUymSsvK	Ms D.M.H.R. DISSANAYAKA	presenter	\N	936250645v	130	Postgraduate Institute of Science University of Peradeniya 130	\N	\N	\N
3fe1151e-ad7d-4dc4-ab26-f4a4a5a22355	2024-04-26 14:09:55.397641	2024-04-26 14:09:55.397641	MMN72f868	muditha1995@gmail.com	$2b$10$YVrREMr439bVI/HIAUYvCOM4vToLrlIBJ15JxVQR31Q3YMz8RV7HG	Ms W.M.M. Nadeeshani	presenter	\N	957390340V	143	University of Peradeniya 143	\N	\N	\N
c3f2af4b-d087-4123-a78f-c33dd755ed9e	2024-04-26 14:09:55.558136	2024-04-26 14:09:55.558136	AK13f332	anukanthage@gmail.com	$2b$10$dAPNspq.AeWLO7/R/JvtyuGoI1KtTgKkybAU0zFx2TbToEQb6EIp2	Ms S.A. Kanthage	presenter	\N	927451654V	155	POSTGRADUATE INSTITUTE OF SCIENCE (PGIS) UNIVERSITY OF PERADENIYA SRI LANKA 155	\N	\N	\N
2c32ed93-f9b8-47d5-b0ff-334e3ec84924	2024-04-26 14:09:55.718417	2024-04-26 14:09:55.718417	ADd9a3cc	ldesilva@westga.edu	$2b$10$iQ68Axre7ZTRybszLsx/deBHaOQtZ.2TpE6ieSUIa3Mza1Huf6x5.	Prof. Ajith DeSilva	presenter	\N	783501211212V	163	University of West Georgia 163	\N	\N	\N
31c086fe-c751-447b-ad98-a2404694867c	2024-04-26 14:09:55.867722	2024-04-26 14:09:55.867722	DJWG135cc0	wathsalajwg@gmail.com	$2b$10$Kr198H9HbCIoTRdPtWSaIuXuSVdS5TqF6.LKL3D7KFoye0SaJdyAq	Ms W.D.J.W.Gunawardana	presenter	\N	198762903269	175	University of Colombo 175	\N	\N	\N
a5753f97-e41f-40ea-8bbd-0557234353cc	2024-04-26 14:09:56.018179	2024-04-26 14:09:56.018179	B2852ae	balasritharan@gmail.com	$2b$10$dXm6fgWHnVIXlWigG/.eLuPr74uFqCGUNPhPChQbwk2K8R0ic9zK.	Mr K.BALASRITHARAN 	presenter	\N	762360020V	186	 UNIVERSITY OF PERADENIYA" "PGIS 186	\N	\N	\N
74d37a3c-bba2-4248-9cd9-5101e5757dcb	2024-04-26 14:09:56.168489	2024-04-26 14:09:56.168489	046242	sdesarada@gmail.com	$2b$10$uOafwRAalJ0L9Dx7xFLz6./WHw12u67Qdk1U/p0QhyVeJKKFokQV.	Dr S V Desarada	presenter	\N	W8383619	201	 Pune" "Savitribai Phule Pune University 201	\N	\N	\N
351075bb-6515-4287-a1e0-bef8a0fa7609	2024-04-26 14:09:56.327699	2024-04-26 14:09:56.327699	TWacb25c	ishan.weerakoon11@gmail.com	$2b$10$5h1MIMWIwtXB85gxcrZX3Ov5Vdi9bBcTKQMbotueIa6d/zEOyq0NS	Mr I.T Weerakoon	paid_user	\N	953241676V		Sabaragamuwa University 	\N	\N	\N
8a55cc56-6f3d-4298-a6d6-a70cc0080ef0	2024-04-26 14:10:05.688985	2024-04-26 14:10:05.688985	RY459ed9	default@email.com	$2b$10$fkhXcCdmoy.aFa7M9YQmGe2n35JR/kvbo6aDGVqpBe9eyLE9iTfnm	Prof. RD Yapa	session_chair	ICTMS3	\N	\N	\N	\N	\N	\N
9c9d4561-91e0-42af-b0f3-600a1a2df491	2024-04-26 14:10:05.908255	2024-04-26 14:10:05.908255	TAd797d7	thilinianupama@vet.pdn.ac.lk	$2b$10$LLIZuhRff0pVkJ7llD1F0uVy5EDyGCJ212a.zD6cNNnEm.IGc29iC	Dr. Thilini Anupama	session_chair	LS4	\N	\N	\N	\N	\N	\N
a720e892-d1ed-43f2-b30a-a2bd0f6d4516	2024-04-26 14:10:06.058793	2024-04-26 14:10:06.058793	MD0ea140	malkanthid@sci.pdn.ac.lk	$2b$10$bX2NxON/2V/tS5A2HhJLYuXMZ4bgorA9CZ7R/7sWgfUr7OHJ8qyUq	Prof. Malkanthi Daundasekera	session_chair	LS8	\N	\N	\N	\N	\N	\N
8225ee46-775a-4d97-a0b1-2cac524b51d9	2024-04-26 14:10:06.228367	2024-04-26 14:10:06.228367	BSBK5f0653	default@email.com	$2b$10$xC54pSUcf5qU9kZxaGdlqOaNQDhNdynMiJNNV8n2dYiN62NEi5ILW	Prof. B. S. B. Karunaratne	session_chair	PS5	\N	\N	\N	\N	\N	\N
d4a1cebe-540d-48a6-aa95-e05343545673	2024-04-26 14:10:06.378358	2024-04-26 14:10:06.378358	TG9b8cbd	thilanka.gunaratne@sci.pdn.ac.lk	$2b$10$RXa7hmrJceLKKuro3x43gedoLTdrOjCzz02/GiuTMsjfpmJKGMoEm	Prof. Thilanka Gunarathne	session_chair	EES3	\N	\N	\N	\N	\N	\N
22a1eb0a-f32a-4c61-899c-fd1d8b543b80	2024-04-26 14:09:53.679306	2024-04-26 14:09:53.679306	SMe33672	imathudeensaros@gmail.com	$2b$10$a5VlIy4b13zvE9HZ0YTQ4uvoX5W6FRqUFuVRGGttshK.5GclgvoVe	Mr E.SAROS MOHAMED	presenter	\N	971572167V	8	UNIVERSITY OF JAFFNA 8	\N	\N	\N
ff4d24aa-11f1-4964-b772-b8c509cf8190	2024-04-26 14:09:53.679494	2024-04-26 14:09:53.679494	NPa343b4	nniluka903@gmail.com	$2b$10$J/l/2TFJ/Pw5cI.lVuTdouYiwvHIWOOxhQ/ZasrJWt8QQoRjZOhnO	Ms N.Niluka Priyadharshani	presenter	\N	978062628 V	5	 University of Jaffna."  Faculty of Allied Health Sciences "Department of Pharmacy 5	\N	\N	\N
2472886f-dd0b-4ad0-b923-07338af6809d	2024-04-26 14:09:53.679689	2024-04-26 14:09:53.679689	MAUScf7597	asvinisenevirathna@gmail.com	$2b$10$ZD.moDiS5v7.7vf7BnF4DOpV5WvNZZlJbm01YRf/aO4qWyC8t.baq	Ms K. M. A. U. Senevirathna	presenter	\N	968441540V	3	 University of Sri Jayewardenepura" "Department of Forestry and Environmental Sciences 3	\N	\N	\N
ee80ebe2-d094-4b36-a73b-5fce04513492	2024-04-26 14:09:53.679668	2024-04-26 14:09:53.679668	JW582608	kwijesin@chem.cmb.ac.lk	$2b$10$YGG/LVMoHvKx33x2XARAA.BUswZRArx6fVSbaXIL2SKVLxLz8oHGq	Dr K. J Wijesinghe	presenter	\N	887650225v	13	University of Colombo 13	\N	\N	\N
31a3c3d1-68dc-49e1-91e5-cd28a71916e5	2024-04-26 14:09:53.679555	2024-04-26 14:09:53.679555	HSMG8c25e8	shashimadhushanka2@gmail.com	$2b$10$.YoIA9YyGVa7hkkbuH9s9eVtTKAGKUi8GzVe7SnMjodrm57FEUIVS	Mr B.H.S.M. Gunawardana	presenter	\N	900801114v	4	Postgraduate Institute of Science 4	\N	\N	\N
d2774e46-5036-416f-9f25-6c4b1594e13c	2024-04-26 14:09:53.679516	2024-04-26 14:09:53.679516	MSSGfe4c8a	styagunawardhana@gmail.com	$2b$10$QIMoNGKK2MAXlfH2P1wN.uz4lkL5Q.fiMGuBKZqkEBc2XA7adnM/W	Ms G.M.S.S. Gunawardhana	presenter	\N	975122611V	9	Uva Wellassa University of Sri Lanka 9	\N	\N	\N
17eb31b0-6861-43f8-a775-cb91576385be	2024-04-26 14:09:53.679901	2024-04-26 14:09:53.679901	RGWNR1b1bff	warurajapaksha1996@gmail.com	$2b$10$8ioZydCATZqKEQjekM7g/uPJnPazEXUL.I45elH9D.133DOYusCwC	Ms W.R.G.W.N.Rajapaksha	presenter	\N	968544209V	11	 University of Peradeniya"  Faculty of Science "Department of Zoology 11	\N	\N	\N
c7e70de1-6283-49bb-9b44-eb9b2e3a3e86	2024-04-26 14:09:53.67979	2024-04-26 14:09:53.67979	7d8c83	sjeevana90@gmail.com	$2b$10$PJUR3f..el8wYfR8e2p2X.9k.2pk0SfD5pEpoOHOPQU/l0PzR2N1a	Ms J Duwarahan	presenter	\N	199071502707	2	PGIS 2	\N	\N	\N
722c2ef9-609c-4cfc-9e75-adbd919df148	2024-04-26 14:09:53.828409	2024-04-26 14:09:53.828409	AYRBe12f57	yashasbalasooriya@gmail.com	$2b$10$baHwD4VVYFcV1kYeCqMsL.QYhxd9FuIAcM1H0f.mrjWSgwiLL4XA6	Mr G.A.Y.R. BALASOORIYA	presenter	\N	941230580v	14	PGIS - UNIVERSITY OF PERADENIYA 14	\N	\N	\N
31f6902d-c55f-402e-807c-969bbd3c8e18	2024-04-26 14:09:53.847734	2024-04-26 14:09:53.847734	GCNW604b4c	chathuranga.wi@nifs.ac.lk	$2b$10$xiJ8EZUkRiQtBr7sEJp1sOgPlH8/zUh7X4/7rC0UldZKEtCltmLUC	Mr A.G.C.N. Wijerathna	presenter	\N	920164064 V	18	National Institute of Fundamental Studies 18	\N	\N	\N
98db2c47-efb9-440a-be74-e81662b0ca90	2024-04-26 14:09:53.888434	2024-04-26 14:09:53.888434	MHGNPMS1fd14f	nimmip.samarakoon@gmail.com	$2b$10$Pzl78LKzXnkVYpNvLIcCkOMQcN63OFIIZEcCR1thPVODwfGSTIi8W	Ms S.M.H.G.N.P.M.Samarakoon	presenter	\N	197265901415	19	PGIS 19	\N	\N	\N
067cc7df-cbdf-48a3-b1f4-8715944aaad9	2024-04-26 14:09:53.888658	2024-04-26 14:09:53.888658	KUMG7f905e	medhavi.gunasekara@gmail.com	$2b$10$8Qk.DQG6sg19CBdPrNZphuoS2aChC58CFzahpXUQISKnimbBlnmTu	Ms M. K. U. M. Gunasekara	presenter	\N	915220029v	21	University of Colombo 21	\N	\N	\N
0058cc6c-dd89-4283-98d9-d724cacd5ced	2024-04-26 14:09:53.888502	2024-04-26 14:09:53.888502	RJM6a84d5	krjaliyamanuda@gmail.com	$2b$10$FRy31kOg2e/1uYUYgWSw8u1.5xZbYsVCbrKH4vGdc665pfEyhCQB6	Mr K. R. J. Manuda	presenter	\N	960200365V	23	University of Colombo 23	\N	\N	\N
e0c9e724-9bb9-4ae8-879c-fac7bb7d4c1a	2024-04-26 14:09:53.897772	2024-04-26 14:09:53.897772	SKU3334c3	savaa4.ulpathakumbura@gmail.com	$2b$10$kVkAQypvI1bvZ8e4jQlvle7nJfcVzn5smnpyk1MfOYn9fw8hnafMq	Ms B. S. K. Ulpathakumbura 	presenter	\N	945381329v	24	NIFS 24	\N	\N	\N
47ff2205-d352-45d5-a2b6-7a4862cd4cf4	2024-04-26 14:09:53.947942	2024-04-26 14:09:53.947942	MSHW360ac4	supipiw@sci.pdn.ac.lk	$2b$10$ncqBVrR4Ie8TQeczuB.Ck.L9ndnWhxtKvV4JNEN.o3TmlH86DY5DK	Ms W.M.S.H. Wijesundara 	presenter	\N	968160974V	22,26	 University of Peradeniya "  University of Peradeniya and Postgraduate Institute of Science  Faculty of Science "Department of Zoology 26" "22	\N	\N	\N
dbfed4e1-9734-49e4-b495-37a98c0bc5fb	2024-04-26 14:09:53.93831	2024-04-26 14:09:53.93831	HTMDSf4dfe9	nltmadu94@gmail.com	$2b$10$IEs70KaD31VlJ6ijYSAYI.ls3HQES0l5gjZgWrK2JICxmIqzV8kfi	Mr N.H.T.M. De Siva	presenter	\N	972480770V	25	Sabaragamuwa University of Sri Lanka 25	\N	\N	\N
d9fa8854-c6b4-4cfb-926f-ae6ee813a773	2024-04-26 14:09:53.977926	2024-04-26 14:09:53.977926	WLNdd587c	wathsi.nwl@gmail.com	$2b$10$qXdjCi.eTnb2S9n1d/qxzehNURRT4ZZy.7QyvV/4kpyh0gPOJXKrm	Ms N.W.L.Narangoda	presenter	\N	858441706v	28,29,30	 University of Peradeniya" "Postgraduate institute of Science 30" 29 "28	\N	\N	\N
3e4da387-a017-4ef0-8375-5b2b77729ada	2024-04-26 14:09:53.998172	2024-04-26 14:09:53.998172	MSA00eb79	amsh.attanayake@gmail.com	$2b$10$ECcHIiyBP8tp43bGJYWz.OKmiuebDuK8XZTUU84RDjBgzi9oG/bie	Ms A.M.S. Aththanayaka	presenter	\N	928093492 V	32	 Rajagiriya."  University of Sri Jayewardenepura.   Institute of Chemistry Ceylon "Faculty of Medicine 32	\N	\N	\N
8b01a423-4ce0-4c8b-8287-d9b324140229	2024-04-26 14:09:54.047824	2024-04-26 14:09:54.047824	IMLe6063d	supipi.irandi@gmail.com	$2b$10$GPToiNkG/YGvtrE3WKQt5uRN.svOekSmsf2odJo0QG1prTNQXUdCO	Ms S.I.M.Liyanage	presenter	\N	985163669v	34	University of Colombo 34	\N	\N	\N
6f67304c-50b8-4f0d-9581-456cfb72dc78	2024-04-26 14:09:54.057776	2024-04-26 14:09:54.057776	Na59537	nishmitharamaraj@ichemc.edu.lk	$2b$10$YSJO/gTGBX/xJrNAxBCTv.Y3a/DBuCATVtS717IU1ehH6usZ8PuqC	Ms R.Nishmitha	presenter	\N	958063610V	35	University of Sri Jayawardenapura 35	\N	\N	\N
ad2fcba4-19a4-4570-af1d-a8e1fe7a5bc5	2024-04-26 14:09:54.05792	2024-04-26 14:09:54.05792	MTMBc8da8b	thilinibandara995@gmail.com	$2b$10$iJd5H1Jj7xgUIPWyXIYXvOcBhMz3Zdfcyy0IJAmb0GT1dj7TI4Nby	Ms H.M.T.M.Bandara	presenter	\N	956770874V	37,38	University of Colombo 38" "37	\N	\N	\N
b7cf867e-847c-4461-aedb-a96d96ef5b2b	2024-04-26 14:09:54.057779	2024-04-26 14:09:54.057779	RKF26b625	kalisada98@gmail.com	$2b$10$E497Qf7SPLiDjGnQy/cru.p21qcVuw9aQRh1P9HZ0aLf7.0AL/.PS	Ms M. R. Kalidha Farween 	presenter	\N	985473471V	39	 KAATSU International University (KIU)"  Faculty of Health Science "Department of Biomedical Science 39	\N	\N	\N
5d476433-8b9a-4267-8f36-73ad9a3a12f6	2024-04-26 14:09:54.097794	2024-04-26 14:09:54.097794	A1d0b7a	marunmaran03@gmail.com	$2b$10$416r0JmZJkiqjIdjGCJm7OkQiijD8/cEPLq1kEueyH6O.1r/LwXai	Dr M.Arunmaran	presenter	\N	923381201v	40	University of Jaffna 40	\N	\N	\N
c4e106f1-877a-4f04-9d60-7542578ba2a4	2024-04-26 14:09:54.097798	2024-04-26 14:09:54.097798	DUSNc7b0e9	nakandalau@gmail.com	$2b$10$eR1st3uS4iYsFyLiPgKOVuM3uU4vrVKN9yv95e5TdHFIP1nL3gZHC	Ms N.D.U.S. Nakandala	presenter	\N	N7820332	42	University of Queensland 42	\N	\N	\N
07f1c74c-9e8d-440f-b097-c77fc3c03efe	2024-04-26 14:09:54.138299	2024-04-26 14:09:54.138299	GAUb398c3	udeshika9319@gmail.com	$2b$10$2UjZ4TcDJmC1.NQkoK9HOupaEzBNu3JBb1eItSLhhyb4ElwJt9FMu	Ms M.G.Achini Udeshika	presenter	\N	936971610 v	43	University of Colombo 43	\N	\N	\N
4b7c869e-5882-4db1-8cbc-c500ae2eba56	2024-04-26 14:09:54.158286	2024-04-26 14:09:54.158286	K194d09	skayathiri1994@gmail.com	$2b$10$GQow3NZpzaEf0AN8gocFXuoxFeXeU5Fc5EJ.uvvITJ0RbRsOQb6T2	Ms T.Kayathiri	presenter	\N	946273805V	47	 Sri Lanka"  Peradeniya  University of Peradeniya "Postgraduate Institute of Science 47	\N	\N	\N
d5533d77-5c4f-48c6-8337-529a4e690047	2024-04-26 14:09:54.198461	2024-04-26 14:09:54.198461	BK710bea	muralikirusna@univ.jfn.ac.lk	$2b$10$HZRdYDaHAcXidF/wPgyODObFDXB.TcU8eFSWPAWq5yzwMn698JL3y	Mr A.Balamurali Kirushnah 	presenter	\N	952423118V l	48	University of Jaffna  48	\N	\N	\N
155e42a9-1361-411f-8321-37bf5867294c	2024-04-26 14:09:54.208069	2024-04-26 14:09:54.208069	DSRPb0267f	sandunipiumali94@gmail.com	$2b$10$ngGKHw129GGGpRDjRovH9u91y9mYbAwMOW/RAafrczHkCez0Wr302	Ms G.D.S.R.Piumali	presenter	\N	947660926V	49	 University of Peradeniya 49	\N	\N	\N
8ac77f25-5b7a-4fad-af91-a75bf9bce9de	2024-04-26 14:09:54.218301	2024-04-26 14:09:54.218301	AKPAfb3c29	prabhathm@univ.jfn.ac.lk	$2b$10$J3mPC5EYsXmsqFELDm3KR.V/MaRkDaxAMwuysm/mjDkpnFOlNXkDG	Mr A.A.K.P.Amarasinghe	presenter	\N	940032040v	52	 Sri Lanka" "University of Jaffna 52	\N	\N	\N
cdf89ea3-ccbb-4bb6-961a-cdbb046574dc	2024-04-26 14:09:54.218116	2024-04-26 14:09:54.218116	P6fbb9b	pafiya93@gmail.com	$2b$10$KqNOtuU3f2V5uI/N5qo6R.9sq252J1DlogcLMWLV98ak9rir3F5Du	Ms S.Pafiya	presenter	\N	93712287V	53	University of Jaffna 53	\N	\N	\N
e72bfda2-b401-4fe0-a7d1-907831d3ae9a	2024-04-26 14:09:54.258376	2024-04-26 14:09:54.258376	LMe02378	nalesha63@gmail.com	$2b$10$vPoG8Pf4QGprYD1WQ0uLMO3JSO66F0RQF2tJimPcvmfCe8nCc52nq	Ms N.L. Mudannayake 	presenter	\N	965669186V	54	NIFS 54	\N	\N	\N
510aede7-9dfa-4c16-9e6e-fafc3a05170d	2024-04-26 14:09:54.269153	2024-04-26 14:09:54.269153	MNPH4c3d16	nimashiherath@gmail.com	$2b$10$xcI.OeB39FsU63rxHRuWue1k.U2bNrirVUjtHoWc0TdoQi6EO3GnK	Ms H.M.N.P. HERATH	presenter	\N	926922238 v	56	university  of kelaniya 56	\N	\N	\N
8c0f47cf-ffe9-442d-bc24-7b1790b6e02e	2024-04-26 14:09:54.427991	2024-04-26 14:09:54.427991	KINP5639db	iroshini1997@gmail.com	$2b$10$WZkZ7Uig98p0.YZG4zza9.A83JlVu78PXvFzg3np5WRRGPuhYwsHS	Ms L.K.I.N. Perera	presenter	\N	975313174V	71	University of Peradeniya 71	\N	\N	\N
d1765d57-a768-4c37-88de-70b8640989f4	2024-04-26 14:09:54.588203	2024-04-26 14:09:54.588203	PSSPf68151	sathsarasandamini@gmail.com	$2b$10$3wlEu0GNwI5b.GnW7EucieJo.S1FzGQbqvBTdpFAQSB6Vl8.ApNgy	Ms T.P. Sathsara S. Perera	presenter	\N	199460400150	83	University of Sri Jayewardenepura  83	\N	\N	\N
ae6a5558-eb16-4a2a-a49c-b8bf4fe71613	2024-04-26 14:09:54.738045	2024-04-26 14:09:54.738045	D99887b	dayani.dx@gmail.com	$2b$10$uEj3awpa19tXL8AyTvOknutLDnozt2BGiufFV.fwjcZL7LBrdrJXS	Ms P. Dayani	presenter	\N	955010507V	97	 Sri Lanka."  University of Sri Jayewardenepura  Faculty of Technology "Department of Biosystems Technology 97	\N	\N	\N
4a0b5fc3-68aa-4a64-b6de-1d562c17b3a8	2024-04-26 14:09:54.907814	2024-04-26 14:09:54.907814	db83d4	fazlafareed213@gmail.com	$2b$10$pSJ6tHdCMTj/bNEJVmip6.Hg0.XjvD0NNN1FBR0C2Z1J83YBrjJhi	Ms AFF Fazla	presenter	\N	935022991 v	107	University of Peradeniya  107	\N	\N	\N
99117c89-4ebb-4458-aa17-1414c199aa17	2024-04-26 14:09:55.067893	2024-04-26 14:09:55.067893	TAT68e4ed	thilakarathnaamandi@gmail.com	$2b$10$hOjoLqXYsiO6tK4tDXPoHeS9buUrNg2qsBVCOgwYLCDvvQqXaK0lO	Ms P. T. A. Thilakarathna	presenter	\N	199260900232	118	 University of Peradeniya" "Postgraduate Institute of Science 118	\N	\N	\N
8c6eee1e-764b-4158-a403-f9ff2b34ff45	2024-04-26 14:09:55.218061	2024-04-26 14:09:55.218061	DD5f6ccf	ushanid@sci.pdn.ac.lk	$2b$10$A7cZMQWOjYy28cRwYM4Xi.uUk3GlD9FNiVjbJ1QZNzdonfJmCDjI2	Ms U.D. Dahanayake	presenter	\N	957812104v	129	 University of Peradeniya" "Faculty of Science 129	\N	\N	\N
018f834e-4527-46bf-a18e-2b1ed2eeb96a	2024-04-26 14:09:55.378094	2024-04-26 14:09:55.378094	MASHb99cbc	amalisulochana1@gmail.com	$2b$10$r21uKOAmpEIcStx1akkao.GTrj5AG5QEcVTcNDH.8aCIYeXQY/UIm	Ms H.M.A.S. Herath	presenter	\N	955831713V	142	 University of Peradeniya."  Faculty of Science "Department of Molecular Biology and Biotechnology 142	\N	\N	\N
026d7eda-78b3-461a-8226-67a25184ec7b	2024-04-26 14:09:55.527731	2024-04-26 14:09:55.527731	862adf	bgopallawa@gmail.com	$2b$10$fSVA6.COC5aMEs9rUZyqQ.SZ2ANeXLnwdlu8aPr0yRG7NlpZdnWsW	Mr Gopallawa B.	presenter	\N	890560083V	153	Postgraduate Institute of Science 153	\N	\N	\N
aba2fd8d-1db5-480a-b554-5dcefbf68ddd	2024-04-26 14:09:55.718178	2024-04-26 14:09:55.718178	MDMCSa24818	mahesh.se@nifs.ac.lk	$2b$10$mMN9WJ2ji9ajbF5jkCBpreIspSxW0rBVP3SbhBw7SrkxNPPZCCyt.	Mr S.M.D.M.C.Senarathna	presenter	\N	933531368V	164	National Institute of Fundamental Studies 164	\N	\N	\N
d238773a-e816-458b-9d88-55235e08dcee	2024-04-26 14:09:55.877723	2024-04-26 14:09:55.877723	EGd69579	indeewariegunaratna@gmail.com	$2b$10$cpUIzJaxrjYqK4VQuz.pTOg8vWtaalAUttlXklmFUqXrf.tD9qf0i	Dr I. E. Gunaratna	presenter	\N	197860702999	176	 Ministry of Health" "Anti Filariasis Campaign 176	\N	\N	\N
6655e5fa-a30d-46e6-9059-f53a13d6eb9f	2024-04-26 14:09:56.028203	2024-04-26 14:09:56.028203	KNFc9e7f2	kaveefdo97@gmail.com	$2b$10$0J/GEKjZis60pzwdl/Yi0OYXcIuE0m1H8DAEWqBwmfAGUSY2W7Qee	Ms K.K.N.Fernando	presenter	\N	199776102985	188	 Srilanka " "University of Kelaniya 188	\N	\N	\N
3f170422-a229-4a64-a616-df88bb20e281	2024-04-26 14:09:56.177816	2024-04-26 14:09:56.177816	c23ea0	priyankalondhe@ymail.com	$2b$10$oDRn6Oopw278G0X3bTDp3.RbQuBp6NZaKEBdgFSR9hhFLfRzAO/ay	Dr Priyanka Londhe	presenter	\N	N3725592	202	 India"  Pune "CMET 202	\N	\N	\N
94f8fffc-fbc2-4955-a9dc-a3d260ba2645	2024-04-26 14:09:56.34851	2024-04-26 14:09:56.34851	WAIPK692c08	inokap@sci.pdn.ac.lk	$2b$10$3Rr28ATAdz.HCBKG06xdn.f0OfStdZsNj2w5FEAXgqOwCaNzIolEC	Prof. W.A.I.P. Karunaratne	paid_user	\N	716233405V		University of Peradeniya 	\N	\N	\N
77075316-ee40-45e9-864c-972ec269865a	2024-04-26 14:10:05.688906	2024-04-26 14:10:05.688906	WR25f55d	default@email.com	$2b$10$mxrufJkUm1KJAQAtZt8RkOSjvx5AW0sDL1E5z3Gu9JPrw33wzvUyq	Dr. WNP Rodrigo	session_chair	ICTMS2	\N	\N	\N	\N	\N	\N
0034ace0-294d-42f1-9929-c589a02ed605	2024-04-26 14:10:05.838773	2024-04-26 14:10:05.838773	SLf96a2f	lokugs@vet.pdn.ac.lk	$2b$10$Rg7a6btMLR6j1CWsczq7NuQ34/flTIdkqO41yu0.jQV8ps.XHHceS	Dr. Sampath Lokugalappatti	session_chair	LS2	\N	\N	\N	\N	\N	\N
fc9dda02-a3ec-4fe5-81aa-a299aa0459cc	2024-04-26 14:10:05.988601	2024-04-26 14:10:05.988601	SR96acf1	sanathr@sci.pdn.ac.lk	$2b$10$IqCjrS76QBMyd8qbUhng6eXZhgWri9uJh5Ni1YG6iQ4HUePnjbVPq	Prof. Sanath Rajapakse	session_chair	LS6	\N	\N	\N	\N	\N	\N
a02cad7c-3fd2-4fae-a1f3-7c15ce33ece0	2024-04-26 14:10:06.138227	2024-04-26 14:10:06.138227	LRAKB13sd2	default@email.com	$2b$10$dSN2nzraQ5CWpXAHYf88duduvolBYRprQCUvwXgWTAc4smreIChJ2	Prof. L.R.A.K. Bandara	session_chair	PS2	\N	\N	\N	\N	\N	\N
97cc5fd3-9ed5-450f-9695-66647ae15fa0	2024-04-26 14:10:06.298071	2024-04-26 14:10:06.298071	TH435838	hewawasamtilak@gmail.com	$2b$10$zp0M3MA8kxDcFSquo92.X.dnYZknHHOui1ntNGhIce2yIvwx02kk.	Prof. Tilak Hewawasam	session_chair	EES1	\N	\N	\N	\N	\N	\N
e8ae3408-29f3-4328-8e19-e96f9ec80536	2024-04-26 14:10:06.45825	2024-04-26 14:10:06.45825	HMd83ae4	default@email.com	$2b$10$I2.Ps2Tpwtn7hcXYWXkMnOXJXhX/l2rMW9hApsFHuRqroGxym0Mu.	Prof. HMSP Madawala	session_chair	SE1	\N	\N	\N	\N	\N	\N
d0b643ee-fde7-4d64-863c-d3ead63ea8b7	2024-04-26 14:09:54.288332	2024-04-26 14:09:54.288332	Mdb990b	murugananthan@univ.jfn.ac.lk	$2b$10$jbSngwMsX1tY3Pyt6geB9.gmWDMqHFUJ5L21/ZodWS48k14s/oC3y	Dr A.Murugananthan	presenter	\N	721623378V	57	 University of Jaffna" "Faculty of Medicine 57	\N	\N	\N
963c4a5d-d031-4423-b897-3e8f4d740716	2024-04-26 14:09:54.437841	2024-04-26 14:09:54.437841	RFL8a57e9	lidariyal@gmail.com	$2b$10$8oMElHq2UjQjzTELsdW93el9wJipaD5BIzY.jgSFiAzOyEeBdOL..	Ms M.R.F. LITHA 	presenter	\N	968452525V	72	Kaatsu International University  72	\N	\N	\N
57ced8f2-e945-4779-a9c5-452ffa3b931c	2024-04-26 14:09:54.617843	2024-04-26 14:09:54.617843	VNf61a63	vindyapererra@gmail.com	$2b$10$lT.ktpLgNFX7a8X.riaswOWKtmrvn2erN5Ixl.0JmXKfJdy3cLHdO	Dr Perera S.V.N.	presenter	\N	818633769V	84	Postgraduate Institute of Science  84	\N	\N	\N
294f48a6-ed09-4a29-8275-ee0da75d9b98	2024-04-26 14:09:54.778024	2024-04-26 14:09:54.778024	Sc1707e	mswetha074@gmail.com	$2b$10$lBWHvWrfZenI294StjnwMuQssU.UhmxznFLV92mQeiMhVTwKyEmdq	Ms B. Swetha	presenter	\N	955980964V	98	Postgraduate Institute of Science 98	\N	\N	\N
0c2ee73e-0668-4942-99f1-e0edd63c4e4b	2024-04-26 14:09:54.948104	2024-04-26 14:09:54.948104	RKCJ0b59c4	kithsirij@wyb.ac.lk	$2b$10$JosetkOdhwixOszURXpbtObugNhneIr2hxbUKdrSFYh2Dq9NqHZui	Mr J.R.K.C Jayakody	presenter	\N	792481752v	110	wayamba university of sri  lanka 110	\N	\N	\N
62befd46-9ad4-4c8c-a289-918bbc608948	2024-04-26 14:09:55.108317	2024-04-26 14:09:55.108317	8c6a7b	kavindya.samarakoon@yahoo.com	$2b$10$bH3ycGBSWZ6yp2qDd9DQe.zBBl5Y5aPqAjBTkZ3tl1mvMLU3KEbR2	Ms S M K T SAMARAKOON 	presenter	\N	966210460V 	121	National Institute of Fundamental Studies  121	\N	\N	\N
85b3cdfe-b20d-4f54-b79c-f5b388f4b6ae	2024-04-26 14:09:55.257671	2024-04-26 14:09:55.257671	EHAD9016d7	hansani.dhanasekara@sci.pdn.ac.lk	$2b$10$oJ5JVaRhT4c4UPh0137aKOGSVBGLt/Z2lB489Sfy9FJ71xMYHbgzm	Ms K.E.H.A.Dhanasekara	presenter	\N	965890831V	131	 University of Peradeniya" "Faculty of Science 131	\N	\N	\N
2dac8e77-81e0-4f09-9f82-fc53465ef6db	2024-04-26 14:09:55.438334	2024-04-26 14:09:55.438334	MNN592121	bandara9960@usci.ruh.ac.lk	$2b$10$IPReQR.l18DFwsWLgXOYXO2.tsmXMSOFObotaIWIF67egNWBG8dqy	Ms Bandara H.M.N.N.	presenter	\N	968221981V	145	University of Ruhuna 145	\N	\N	\N
4a953683-1408-49e1-a7fd-59aafe362256	2024-04-26 14:09:55.587888	2024-04-26 14:09:55.587888	b02070	skokila@univ.jfn.ac.lk	$2b$10$J2uujMPfXsDodljhwrLnHu0mpkCxSybnO5ewBsn7ASoiHb8w.iIJK	Ms university of jaffna	presenter	\N	877772497V	157	University of Jaffna 157	\N	\N	\N
0c112777-7453-48c7-9947-4d009937e341	2024-04-26 14:09:55.748966	2024-04-26 14:09:55.748966	MGHKA82b82f	gayumiathapaththu@gmail.com	$2b$10$Ok/uyIZF5c2cfKt3PoFTc.01CzMU4uHCBjMpDObUbUZGO7DDhcDxu	Ms A.M.G.H.K.Athapaththu	presenter	\N	956871816v	166	University of Colombo 166	\N	\N	\N
40baa660-7717-4c68-a3cd-3e78743469f9	2024-04-26 14:09:55.907775	2024-04-26 14:09:55.907775	A0b39d6	arthiyan.s@gmail.com	$2b$10$dFM0NgWXd4jLwI32sor70.WekHzYqs9OBaA0pzRqi2V/4lD9/HHWO	Mr S.Arthiyan	presenter	\N	902932623V	178	 University of Jaffna" "Department of Zoology 178	\N	\N	\N
e6a8c14a-6938-476c-ba56-2eef3d04c7cb	2024-04-26 14:09:56.068334	2024-04-26 14:09:56.068334	MNKD4fa12c	dissanayken273@gmail.com	$2b$10$vYZKv6jZwuGyF0Aw3y6xDueg7mPFm3xkoDqESU687.EHEj092Xo7S	Ms D.M.N.K. Dissanayaka	presenter	\N	926553968 V	191	 University of Peradeniya  "  Faculty of Science "Department of Mathematics 191	\N	\N	\N
e374144d-2834-45a2-8a7e-d0608c66b782	2024-04-26 14:09:56.218388	2024-04-26 14:09:56.218388	AKDHWc21a24	kdhasalanka@gmail.com	$2b$10$2ZkdRVZTtZhYcjIkWv9bUetZ8nSLNcr/7CsazYnNY3jH/5llfzx4C	Mr W.A.K.D.H.Withanaarachchi	presenter	\N	980550788V	204	University of Kelaniya 204	\N	\N	\N
ed5351d4-99fc-4ca1-ab1f-58e482fd2ed3	2024-04-26 14:09:56.368576	2024-04-26 14:09:56.368576	M92c8e2	mayu.para.siva@gmail.com	$2b$10$ZfQ4vnisfgBYbkqWN.hEreo5YFKLwZubV35IF50KbKslFb8EUiyIC	Ms S. Mayuri	paid_user	\N	907880583v		 Sri Lanka"  University of Peradeniya "Postgraduate Institute of Science 	\N	\N	\N
800848a9-2d80-44b2-ad2d-53c8fee556f8	2024-04-26 14:10:05.688684	2024-04-26 14:10:05.688684	PR578fd8	default@email.com	$2b$10$NAaY8aFdllL7xL9yvZioze6ALw8QxiKaIeIinHg6dr/K2VnTS/Aie	Dr. PGRS Ranasinghe	session_chair	ICTMS1	\N	\N	\N	\N	\N	\N
32ac0e0a-1662-421b-9325-5f26e15163dc	2024-04-26 14:10:05.838744	2024-04-26 14:10:05.838744	SCKR8fd29a	srubasinghe@sci.pdn.ac.lk	$2b$10$wk7nwsEf8WoEQdn3iF3YS.7BuIvTWtISWUeC9tdlYAyLEerEc8BB.	Prof. S.C.K. Rubasinghe	session_chair	LS1	\N	\N	\N	\N	\N	\N
75fd39fc-e0b0-40c5-bdca-b6ab25a751ad	2024-04-26 14:10:06.007987	2024-04-26 14:10:06.007987	SG67d2f0	nalin@sci.pdn.ac.lk	$2b$10$s2Lo.75l74RhRWu8GcE92.TT.PAxN4hDeFNUDjYJ/24o.O4QIIQAK	Dr. Suranjith Gama-arachchige	session_chair	LS6	\N	\N	\N	\N	\N	\N
d3d9bffc-419a-48b6-9da2-9139d7e703db	2024-04-26 14:10:06.158157	2024-04-26 14:10:06.158157	JPLda4fe4	default@email.com	$2b$10$92.vI7N5NrkbLNTi97rTu.ybOG6PncmNtTbZ0gJ2fpxNRPe8vkx6S	Dr. J.P. Liyanage	session_chair	PS2	\N	\N	\N	\N	\N	\N
09536b9e-2c5c-4c10-a4ea-af70ec411234	2024-04-26 14:10:06.308186	2024-04-26 14:10:06.308186	PK76f748	dpkaru@sci.pdn.ac.lk	$2b$10$vlGsgbfN0iPv1WGYUF0lO.6KCeOKpAx71NWOhWxCFCHJV1VFhsxo2	Prof. Parakrama Karunarathne	session_chair	EES1	\N	\N	\N	\N	\N	\N
531c844c-dc7b-4b72-9d3e-e94ac178d1aa	2024-04-26 14:10:06.458254	2024-04-26 14:10:06.458254	PV565f6e	default@email.com	$2b$10$hCNpix3W3fZZe73dbwCHMeWdfDQ7B09Y9SIWz3lhEIxqMBxLdK/6W	Prof. Pushpa Vitharana	session_chair	SE1	\N	\N	\N	\N	\N	\N
de382bf4-6de8-45c2-bc82-97538fad1f65	2024-04-26 14:09:54.318521	2024-04-26 14:09:54.318521	MSJf1ddd6	menukajayalath43@gmail.com	$2b$10$Paaj0XoiuCO9DxZOo7uuje/iSbFao6zQowj3ZXlKFxFkkOYQICu3S	Ms J.M.S.Jayalath	presenter	\N	975260240V	62	 University of Colombo " "Department of Zoology and Environment Sciences 62	\N	\N	\N
0238bc8f-3ae7-4289-b3f3-8aafdae669c7	2024-04-26 14:09:54.478091	2024-04-26 14:09:54.478091	AW00059b	93malmi2449@gmail.com	$2b$10$23OS4gN8Tly21Lxqn3ttIeRF2/WY/hf0lNEM2h2w3rSfJ89Al3fsq	Ms M.A.Wickramasinghe	presenter	\N	199451500823	75	 Kandy" "NIFS 75	\N	\N	\N
557ac130-e71d-4277-93a8-ffea4c5ecea9	2024-04-26 14:09:54.647916	2024-04-26 14:09:54.647916	NPVAce1422	anuradhavaishali89@gmail.com	$2b$10$kHmkao1q4oqsg7VOz.MP7O.jMS1Bpbsb71zNruOPiGcQz7jG.PFgS	Ms G.N.P.V. Anuradha	presenter	\N	948542129v	88	 University of Peradeniya" "Postgraduate Institute of Science 88	\N	\N	\N
c93cc5e3-6446-45c2-8fd6-9011dffcefba	2024-04-26 14:09:54.798172	2024-04-26 14:09:54.798172	PPSR3d8dfa	sandurasangani@gmail.com	$2b$10$jvcGsGLsa0sR10G1bad2TOWHwJI2QtO8AHvlLI7hr8pVk21F6Lgsm	Ms J.P.P.S. Rasangani	presenter	\N	965391800v	101	University of Sri Jayewardenepura 101	\N	\N	\N
a3e7b710-68ab-423b-b267-1e824ad872f4	2024-04-26 14:09:54.957734	2024-04-26 14:09:54.957734	780801	mhshifana@yahoo.com	$2b$10$Ub0t0ZUEUuZf64ctujMKjOzybV7VTHn9SyLHpyZecivCx518FSKwy	Ms M H shifana 	presenter	\N	198166601692	112	PGIS 112	\N	\N	\N
ff65ca5c-2328-42d0-a52f-45cd800e6b07	2024-04-26 14:09:55.127936	2024-04-26 14:09:55.127936	KHM2f8405	mkhmadurawala.ph@gmail.com	$2b$10$MoZF.caZetZeyWOzA8YG6OpinuN19XU9FuodBQsZuFoOVEuseO/jC	Mr M.K.H. Madurawala	presenter	\N	970771476v	122	 University of Colombo" "Department of Physics 122	\N	\N	\N
677f8367-e8fd-4b34-a33b-841764e39d7a	2024-04-26 14:09:55.277687	2024-04-26 14:09:55.277687	GWJN190900	wathsala199310@gmail.com	$2b$10$VrPmbNHMXyTtldb87BaOC.cGGoPyeKivovM3x3JoErbI5O7Yb41XK	Ms A.G.W.J. Nandasiri 	presenter	\N	937800347V	134	University of Sri Jayewardenepura  134	\N	\N	\N
4db9968b-ce73-4f21-bf09-adf6ca2befdf	2024-04-26 14:09:55.428552	2024-04-26 14:09:55.428552	GSAMEWDDKEf043c8	dhananjanie@sci.pdn.ac.lk	$2b$10$8CgGrLXPWvehhxJo7jctcu9OOg/iAXA9tb5m38Q2GaI0f6YI/Ppwq	Ms M.G.S.A.M.E.W.D.D.K.Egodawele	presenter	\N	199468301042	144	 University of Peradeniya."  Faculty of Science "Department of Chemistry 144	\N	\N	\N
8f77dcca-5713-47ea-93af-5281ad55c800	2024-04-26 14:09:55.578275	2024-04-26 14:09:55.578275	W4e1bc0	thelumws@gmail.com	$2b$10$grsTObJYiVVPeXZCO/CaAejcisYrSPkfn/WTPAawqxHN9/SVuUP0G	Ms T. Wickramasurendra	presenter	\N	907413810V	156	 University of Peradeniya" "Post Graduate Institute of Science 156	\N	\N	\N
cbcf75b5-3226-48ad-87a3-b046d743b18d	2024-04-26 14:09:55.738091	2024-04-26 14:09:55.738091	APCP813df3	poornachamini@gmail.com	$2b$10$ZA43u10qMpltk/0i2OkJ.OEqTz8z8mbVsyTYS8MVQJBYj9WmU.Wva	Ms B.A.P. C Premathilake	presenter	\N	915901379V	165	University of Peradeniya 165	\N	\N	\N
c542b9c3-e552-47b9-9c7f-9ef1ee5cad2c	2024-04-26 14:09:55.898107	2024-04-26 14:09:55.898107	DJ54c53b	cdjay@ou.ac.lk	$2b$10$8ocrFh4UMvhenYdURDIOyeVXBKfRDIQtjZCLuQq6iGZc53mZj/WZq	Dr C.D Jayasinghe	presenter	\N	816781795v	177	The Open University of Sri Lanka 177	\N	\N	\N
3a45093f-2dd4-486c-948b-e5047f827153	2024-04-26 14:09:56.048215	2024-04-26 14:09:56.048215	NMdba5c4	weerappuli20nadun@gmail.com	$2b$10$v7dIMdJcDxGK5bKc.kvBdeFmJPoIZREbVkfcL2Ya5zncXJcJ5DiZe	Mr W. N. Madusanka	presenter	\N	952640097V	189	PGIS 189	\N	\N	\N
288c49ba-ee50-4be5-ad81-e2e91686a285	2024-04-26 14:09:56.218384	2024-04-26 14:09:56.218384	AAWNDbbab40	wayani6586V@gmail.com	$2b$10$wfHPjwnFq528.L1M0f0ogeRgUINK7apl8eOh1BpmgFnsr4iHlqpGm	Ms A.A.A.W.N Dissanayake	presenter	\N	978483658V	203	University of Kelaniya 203	\N	\N	\N
61c1ab66-f367-426c-8102-7f848bd3e59d	2024-04-26 14:09:56.368539	2024-04-26 14:09:56.368539	SSMb2f81e	envlab@atg-glovesolutions.com	$2b$10$kLoJfpiWItMKGfVyMO56O.Lf5Kg2YiE3na8ApTWjFuxZvVntGdhJO	Dr A.S.S.Mendis	paid_user	\N	680500908V		ATG ceylon (pvt) ltd 	\N	\N	\N
cd46f2f0-b9c4-4c09-9355-a23565e42fa5	2024-04-26 14:10:05.688702	2024-04-26 14:10:05.688702	GWRMRPedf12a	default@email.com	$2b$10$tj8i114hm/mihza0uH6s9ufc6R72fBar43AabgC/YaeiBMlCUGjnW	Dr. G. W. R. M. R. Palamakumbura	session_chair	ICTMS2	\N	\N	\N	\N	\N	\N
ac49ccee-eba2-4c9d-ac0c-cff2ad6b762f	2024-04-26 14:10:05.838834	2024-04-26 14:10:05.838834	GJaf2822	gejaya@sci.pdn.ac.lk	$2b$10$70dcJM85KkWneFGzgtJZ.Om6zIkJ6x0cORoNwNO9SC61DvVo1Ae.6	Prof. Gehan Jayasooriya	session_chair	LS1	\N	\N	\N	\N	\N	\N
f70e99d5-9a3a-4f74-a059-bcebd0a8b9ed	2024-04-26 14:10:06.018195	2024-04-26 14:10:06.018195	NUPe4bf3f	default@email.com	$2b$10$eTOrmRwEtCFXVdA6xDuqauz5tFEKdKBImPuBMd6QU5HfeSzKHeJ.6	Dr. Nuwandi U. Pathirana	session_chair	LS7	\N	\N	\N	\N	\N	\N
e3f314ac-360a-48f5-8fa1-92a737837def	2024-04-26 14:10:06.168208	2024-04-26 14:10:06.168208	JMSJb05ce7	default@email.com	$2b$10$YZS9OZK2gy4BwNfnf4gBW.mJ/bcv4q.PVlFpr2Gyvgs60Dz9iGZMy	Dr. J. M. Susanthi Jayasinghe	session_chair	PS3	\N	\N	\N	\N	\N	\N
ecf1f6fd-f80a-4c02-9bc9-93fd681cc4d7	2024-04-26 14:10:06.328761	2024-04-26 14:10:06.328761	SJ986994	shamj@eng.pdn.ac.lk	$2b$10$vjuROO65uMrZn0rdwWtn/O14OGip/YiekoQuVRVodFegjEE0vaOrq	Prof. Shameen Jinadasa	session_chair	EES2	\N	\N	\N	\N	\N	\N
b57e8873-24af-4c00-a98f-999083ca6f6c	2024-04-26 14:10:06.4979	2024-04-26 14:10:06.4979	SYdcaf87	default@email.com	$2b$10$CwtPQJilpl01rPvYR.iEK.gu90AstmaVNijKmsLtDmOQ3fYgZHF0e	Prof. S. Yatigammana	session_chair	SE2	\N	\N	\N	\N	\N	\N
677ca1cf-33b4-44fc-a991-29985d1b9407	2024-04-26 14:09:54.358376	2024-04-26 14:09:54.358376	DSWGbb70eb	wanamalis@gmail.com	$2b$10$prFqJieSkolal1vmJUAiYetFlXrsxxp.zsw/SAVNDTA5N0t./pzCS	Ms M.D.S.W. Goonathilake	presenter	\N	955033078V	63	Postgraduate Institute of Science 63	\N	\N	\N
469b17fd-8a9b-4ab6-80ab-f74ff662a05f	2024-04-26 14:09:54.508055	2024-04-26 14:09:54.508055	AHT94f8db	heshanithathsara@gmail.com	$2b$10$yIVt8jbv7EzMXeiVprAJJubHnMOjusG3b7aWoQ8yzxLE0rHQad1N.	Ms K.A.H.Thathsara	presenter	\N	978251757V	77	University of Sri Jayewardenepura 77	\N	\N	\N
6f94e35d-9b9c-4bb8-9a10-2959ea26cfc6	2024-04-26 14:09:54.658054	2024-04-26 14:09:54.658054	Se8005e	vsiva@sci.pdn.ac.lk	$2b$10$ULFjfoDSnv1yJH0EJLGn0uV1lP6me2wZqmESMzcxytYZoPl6VM49K	Dr V. Sivakumar	presenter	\N	672761816V	89	University of Peradeniya 89	\N	\N	\N
3ea35652-1871-471f-b784-ce3914d359e5	2024-04-26 14:09:54.84793	2024-04-26 14:09:54.84793	JG1cffb5	chathurijay.gun@gmail.com	$2b$10$oBEXCMxedNV70JKQPGGyuuN/zlgdFZVL2mC/bp.JjRPY7B4THzp9u	Ms C.J. Gunathunga 	presenter	\N	917362556V	103	University of Sri Jayewardenepura  103	\N	\N	\N
b4da9aaa-bc78-4f20-a752-813a0caa4963	2024-04-26 14:09:54.998058	2024-04-26 14:09:54.998058	MMKHc3ecce	manelherath15@yahoo.com	$2b$10$BRE2BPHxRtPa37jhG1p/h.algNE2sVwmt8Hsj8mYwkMbEnHFJSYgW	Ms J.M.M.K HERATH	presenter	\N	197863600773	114	Office of Regional Director of Health Services-Kurunegala 114	\N	\N	\N
61228c49-14e0-4b6e-933a-d26d19be84d0	2024-04-26 14:09:55.147961	2024-04-26 14:09:55.147961	AGSeefd7d	geethgsmb@gmail.com	$2b$10$OfzpFaJtameFBgm3x4Z8DOziEZ6hk9tOSP3KmMfJ2.P8YHg85105i	Mr K.A.G. Sameera	presenter	\N	882400042v	124	Geological Survey and Mines Bureau 124	\N	\N	\N
d08b5472-235c-4000-8363-42d797ddfefb	2024-04-26 14:09:55.297883	2024-04-26 14:09:55.297883	MSATG781470	Shashini.gu@nifs.ac.lk	$2b$10$PJIhmhZ2DAlu4zoy/6cXhejol40LUy/0sElUMykrwk2ed5KSTbep2	Ms H.M.S.A.T.Gunathilaka	presenter	\N	937082347V	135	National Institute of Fundamental Studies 135	\N	\N	\N
409ef733-287b-4d8f-95f6-32b286dc5ddc	2024-04-26 14:09:55.458116	2024-04-26 14:09:55.458116	MSPB97cd1b	sashini.bandara@sci.pdn.ac.lk	$2b$10$CyGX9YFIOByaZJMe5lNb0eUlLm/KvNeFBv4f33Fcmcz8daDE6ZLly	Ms K.M.S.P. Bandara	presenter	\N	978083811V	148	 University of Peradeniya" "Postgraduate Institute of Science 148	\N	\N	\N
4bbc7d98-ad45-4889-829f-1ba569172fd4	2024-04-26 14:09:55.608078	2024-04-26 14:09:55.608078	DMc08f5c	dhananjimahalekam@gmail.com	$2b$10$1cUKE2XDKeEaKu5htUgevuWMCCNvjISsOS0L8yn0xR0b/KJ9Rpsai	Ms N. D. Mahalekam 	presenter	\N	946850950V 	159	Postgraduate Institute of Science  159	\N	\N	\N
eefe47e7-5025-4910-b304-fe8a7b4ee3b4	2024-04-26 14:09:55.768714	2024-04-26 14:09:55.768714	MTIN67003f	indlnaw@gmail.com	$2b$10$wDJD3Hmw6tyxJ9ifISUs6eOs4BKwvPRy9UyLAoeNAZ2JHTzxmTDGO	Ms N.M.T.Indunil Nawarathna	presenter	\N	908214153V	169	Postgraduate Institute of Science 169	\N	\N	\N
072d0568-7801-478b-b9ce-02e60883991c	2024-04-26 14:09:55.927899	2024-04-26 14:09:55.927899	MMBCc9d64e	e17039@eng.pdn.ac.lk	$2b$10$O9OYPX7txiH63hKaJcr3GuftQX54cEJ/1byMmMpebSYtbe9dnv8Si	Mr K.M.M. Bimsara Chandrasekera	presenter	\N	981933478V	180	 University of Peradeniya"  Faculty of Engineering "Department of Chemical and Process Engineering 180	\N	\N	\N
a8a547d4-e8fb-4dc6-a612-a89fed6aa93a	2024-04-26 14:09:56.097856	2024-04-26 14:09:56.097856	PPSHP77c384	s17450@sci.pdn.ac.lk	$2b$10$xhuwWh6xE1oeHLWTNz7U2Ohmsvzz/NHNXuBGBQWiLSXKdsLCdj.Ca	Mr L.P.P.S.H Premarathna	presenter	\N	980191427v	193	University Of Peradeniya 193	\N	\N	\N
3d4e8558-0caf-4825-8e3e-4b34ef55a614	2024-04-26 14:09:56.247729	2024-04-26 14:09:56.247729	WMMKD54bab0	gwmmkduor@gmail.com	$2b$10$C8KNzbvEoYmZCSTJ6mxuZO3vllm0NQWNVil9pv0CtopVdvhkwlcti	Ms G.W.M.M.K. Dheerasinghe	presenter	\N	936491251V	205	University of Ruhuna 205	\N	\N	\N
8f050edc-17d2-40a7-bd0c-46bf5e3d3e4c	2024-04-26 14:10:05.6887	2024-04-26 14:10:05.6887	MDf9772b	default@email.com	$2b$10$wRIQN4./spxbln8exWp44e6ODaGATQFg708SYOF4dX0AOJRoDKbKe	Dr. MTM Dewasurendra	session_chair	ICTMS5	\N	\N	\N	\N	\N	\N
fb6b1fb2-6999-4ac1-99ea-135f70ef238b	2024-04-26 14:10:05.83885	2024-04-26 14:10:05.83885	CWfb79d1	default@email.com	$2b$10$mOEE2ap.kPQbOJfz6IuhMO5gdHYYo6Jg4VDsAm.l0mBnF4dHUMzP2	Dr. Chaminda Wijesundara	session_chair	LS2	\N	\N	\N	\N	\N	\N
1cad0059-cc1f-45ed-8068-8552449cb35b	2024-04-26 14:10:06.018324	2024-04-26 14:10:06.018324	IKbe7b5b	inokap@sci.pdn.ac.lk	$2b$10$LYAHI20h7ZgQLlSyE5y3xO/GJclrVvA1.GzrYhH4gFQPyWcbNPPV6	Prof. Inoka Karunaratne	session_chair	LS7	\N	\N	\N	\N	\N	\N
a106be69-31e8-4dc4-8e90-b4f42a46dd9b	2024-04-26 14:10:06.167967	2024-04-26 14:10:06.167967	KMSW16a161	default@email.com	$2b$10$zN9ngpYCvm8AYyvnQc/EX.3ezIrG6dmjQGFcs1Cu5eXv/iAXNtIyy	Prof. K. M. S. Wimalasiri	session_chair	PS3	\N	\N	\N	\N	\N	\N
fbdd77d8-e3eb-42c6-a127-898841813b89	2024-04-26 14:10:06.338161	2024-04-26 14:10:06.338161	NK02db49	nadeeshak@sci.pdn.ac.lk	$2b$10$LuohSThUlyttHuj/rwfjsO2COH4iHo/bnJ7AAOBgmWeVH6ZsBEdjm	Dr. Nadeesha Koralegedara	session_chair	EES2	\N	\N	\N	\N	\N	\N
ab9a9fd0-8653-4fd3-9bf3-f16511b22808	2024-04-26 14:10:06.517942	2024-04-26 14:10:06.517942	ABe70ec7	default@email.com	$2b$10$Cmlds8lffH13IjucCACe/uRgmKfxpqp66UnuTdzeaMjHX8Ee8hIXS	Mr. AMRS Bandara	session_chair	SE2	\N	\N	\N	\N	\N	\N
e63686da-db0b-420e-9156-3c2833e119a9	2024-04-26 14:09:54.36811	2024-04-26 14:09:54.36811	G351cb1	guru201666@gmail.com	$2b$10$W1.eGiaVObZjhZOf7UbrsuDvGRYYvUJlpzJv1F4LshT3d3T4abow6	Mr V.Gurunanthanan	presenter	\N	951090646V	65	 Sri Lanka"  Peradeniya  University of Peradeniya "Postgraduate Institute of Science 65	\N	\N	\N
03a6b919-8126-47bf-8e4d-2f0be0aa4a0d	2024-04-26 14:09:54.517993	2024-04-26 14:09:54.517993	DVAS80ca93	vinaveeapsara@gmail.com	$2b$10$86ZGaTHxSPkCZC0Hw2Mlku9PkkaEG8Ig6T9XPyhXIlH3E9mcbzIGi	Ms G. D. V. A. Sandeepani	presenter	\N	955691504V	78	University of Sri Jayewardenepura 78	\N	\N	\N
944d44ce-ec81-44d8-a97d-3bed1defafe4	2024-04-26 14:09:54.687699	2024-04-26 14:09:54.687699	IUW998650	umayangani.we@nifs.ac.lk	$2b$10$AAvT.jFOS/7MEmpGM.u6uOmxkP5KyduMNWe.vZLcadNkv6/rApNvS	Ms M.I.U.Weerasinghe	presenter	\N	948571293v	92	National Institute of Fundamental Studies 92	\N	\N	\N
b7345c7b-c384-4759-8274-d44195c897da	2024-04-26 14:09:54.84822	2024-04-26 14:09:54.84822	c63445	madhusharanaweera@gmail.com	$2b$10$y/s9AQ4EqgBAL/FGksUE1e9OmTmkJtmBFZqoEGG5rWqSm/Ma12UqS	Ms M M Ranaweera	presenter	\N	N9052360	102	 University of Peradeniya" Faculty of Science "Department of Botany 102	\N	\N	\N
23b6b6a3-ea30-4be0-9a3b-43cfdf8aeeb2	2024-04-26 14:09:54.997982	2024-04-26 14:09:54.997982	DDDS780091	danudd96@gmail.com	$2b$10$g1shAeQ.yC1bbCDzi7dM8u1UtyAeJ.4Pj6/qIzBqiDKJa6LVs/E8a	Mr N.D.D.D.Senarath	presenter	\N	199610202592	113	University of Peradeniya 113	\N	\N	\N
7753c743-b7a2-4368-b683-abf33ac0f83e	2024-04-26 14:09:55.168244	2024-04-26 14:09:55.168244	A880b75	anisiva1996@gmail.com	$2b$10$XklEjCSWFjHf2sdHe3UFB.yj43a4NmSCQfIYjoqI16zYF.9geEna6	Ms S.Aniththa 	presenter	\N	966383224V 	125	University of Jaffna  125	\N	\N	\N
ffaa267c-b0c5-4ccb-824f-c758eeaf762e	2024-04-26 14:09:55.318203	2024-04-26 14:09:55.318203	MCR643e01	chamiruwanthika95@gmail.com	$2b$10$L6.7SA9l0a1GRDhM.npPuO/4/LKRhuvk4LOGh6UP64MNbrKlhXixi	Ms A.M.C. Ruwanthika	presenter	\N	957311237V	136	 University of Peradeniya" "Faculty of Agriculture 136	\N	\N	\N
09c8fc17-464e-494a-a8f0-f38645b5c2a6	2024-04-26 14:09:55.497971	2024-04-26 14:09:55.497971	R9ff4e5	vpkuma82@gmail.com	$2b$10$SV0f95/tOZqlxwitxwmlx.v1dke3EmVQYiWg/lBfQSBaof4PhK.F6	Mr P.Rajkumar	presenter	\N	823120788V	149	Jaffna" "Wetland Conservation Society 149	\N	\N	\N
d3ffc937-3055-40a6-a297-07e839bb16c5	2024-04-26 14:09:55.648062	2024-04-26 14:09:55.648062	DTSNJ815c8f	thushanis.jayasundara@gmail.com	$2b$10$3YWnwxXZXXCrRTnHYKh41OSFw9EYZrSZ5.YI8pzRfd76t5VY5cbvq	Ms P.D.Thushani Samanthika Niroshani Jayasundara	presenter	\N	957661548 v	160	University of Peradeniya 160	\N	\N	\N
216c882e-07df-4997-aaa4-aa550fecc2ae	2024-04-26 14:09:55.798062	2024-04-26 14:09:55.798062	GLMbe21d3	madushanlahirugamage@gmail.com	$2b$10$RmtzX1xm9DtLAPMSpyzA3u5oVqlo2ntRMrcJuF.tXIigBHVL9ZId.	Mr P. G. Lahiru Madushan	presenter	\N	952851004V	170	University of Ruhuna 170	\N	\N	\N
d154af65-50f0-481d-bae7-797d74bf61b0	2024-04-26 14:09:55.94809	2024-04-26 14:09:55.94809	DM1d903f	dinithiwalpla@gmail.com	$2b$10$uxlNCbmv9EGaVkIRq0s6veZDohH/mUiCa1pRariqApw0vhLrgHNnS	Ms WALPALA M.D.M.	presenter	\N	976081790V	181	University of Peradeniya 181	\N	\N	\N
cd2c76ff-5e4b-49a9-88bb-e5d4f5631300	2024-04-26 14:09:56.118083	2024-04-26 14:09:56.118083	c3e91c	swapnilbhosale997@gmail.com	$2b$10$/1IzjcybPcR0DqiTWI7g.ulMmMgzKD2UI20ieobKqTdGd8ab5dlTG	Mr Swapnil Bhosale	presenter	\N	997	197	Savitribai Phule Pune Pune University Pune 197	\N	\N	\N
fcaa749d-4c71-44f6-868b-74fa1049bf20	2024-04-26 14:09:56.287744	2024-04-26 14:09:56.287744	S5162f2	sathyas@univ.jfn.ac.lk	$2b$10$aVChSxyftUDxbEKC.NvJqOWxRsGpX4EC5NIpHXMcEytpOo4HZfIl2	Ms S. Sathya	paid_user	\N	905932845V		 University of " "Department of Pharmacy 	\N	\N	\N
9f9a56d3-69a9-46ce-830b-362b14e37e38	2024-04-26 14:10:05.689195	2024-04-26 14:10:05.689195	RN0aaf36	default@email.com	$2b$10$vjWS0Sk0e6ZzdgJ.pI3iRedrJfvOoKaE46hR1yt9lqwsagA4MQkzy	Dr. RD Nawarathna	session_chair	ICTMS4	\N	\N	\N	\N	\N	\N
353e0a90-38da-4a3f-9529-d78fb76eda33	2024-04-26 14:10:05.958251	2024-04-26 14:10:05.958251	CAf73bb2	chandimaa@sci.pdn.ac.lk	$2b$10$CIajCtIYZe1fBNFc3xDl7.dtkXUtPLz1rwkEvI.6VyOeygKBM7chu	Dr. Chandima Ariyarathne	session_chair	LS5	\N	\N	\N	\N	\N	\N
e768db73-e626-4a6f-905f-e5cc055d2b33	2024-04-26 14:10:06.117894	2024-04-26 14:10:06.117894	RJKUR09730d	default@email.com	$2b$10$b9EEc5AdeDlCfJhWGTXJzubnH5YJIOL5aeFolrg4GlKZ1haOqWId6	Dr. R. J. K. Udayana Ranatunga	session_chair	PS1	\N	\N	\N	\N	\N	\N
f997f225-8ce7-4ff9-a1de-ee98e57add49	2024-04-26 14:10:06.278545	2024-04-26 14:10:06.278545	TMWJBe8427b	default@email.com	$2b$10$Feq2WeYrcqHDRr3t/hoI5OEPYRUWruSBfToy0oJtzDLAhtDClnucy	Prof. T. M. W. J. Bandara	session_chair	PS6	\N	\N	\N	\N	\N	\N
949cb6e3-1ec5-48e1-a4a1-be6a8c6855c0	2024-04-26 14:10:06.438385	2024-04-26 14:10:06.438385	BA2813a3	default@email.com	$2b$10$eaL4qHJEySow9Ber4PaE2u7x2SDyDdInZ9k7e82duMj6sTu1fVU6q	Dr. Bhathiya Athurupana	session_chair	EES5	\N	\N	\N	\N	\N	\N
bfce111b-a058-4158-b9ef-9b111fdbf6ed	2024-04-26 14:09:54.378332	2024-04-26 14:09:54.378332	DT23b777	dinushitissera46@gmail.com	$2b$10$4wrzibFbHXIuJbzxl8dtZuFCORfJQqbL7seQB7YuB0DMb3FoHuWKu	Ms B. D. Tissera	presenter	\N	200053203903	68	PGIS 68	\N	\N	\N
d774be7f-c3e3-4ae6-8df9-a2f57d141b45	2024-04-26 14:09:54.548033	2024-04-26 14:09:54.548033	PK38a844	2018s17093@stu.cmb.ac.lk	$2b$10$XSR26MQ5mNZhma/5uGHwR.PZRO66m1Xsro5YZ/yryTtzuEthSiqLO	Ms C. P. Kariyapperuma	presenter	\N	986011080V	80	 Sri Lanka"  University of Colombo "Department of Mathematics 80	\N	\N	\N
4b065445-3924-4832-9848-77590d6c6a2d	2024-04-26 14:09:54.728369	2024-04-26 14:09:54.728369	SHF92ef86	m.shehan111@gmail.com	$2b$10$2pFS3zikbHUzerKJx6HN..zes600p3PmiBjCnC4jkXLF39n5IruPa	Mr M.S.H. Fernando	presenter	\N	962520960V	95	 University of Peradeniya"  Faculty of Science "Department of Chemistry 95	\N	\N	\N
fda7fd46-616b-4f98-a7f7-1f837ab25bff	2024-04-26 14:09:54.898058	2024-04-26 14:09:54.898058	RPMBfe5089	pavithramalkibasnayake@gmail.com	$2b$10$lzDZ67c1rM82FqeDi/ggdekkQJLc/Ggi1YE.uocdPWo2/vFaLDdEa	Ms B.R.P.M. Basnayake	presenter	\N	199564100517	106	 University of Peradeniya"  University of Kelaniya and Department of Statistics & Computer Science "Department of Statistics & Computer Science 106	\N	\N	\N
454e5d88-c228-4c19-bec5-24943ffeabe3	2024-04-26 14:09:55.047862	2024-04-26 14:09:55.047862	RVP2e722b	rvperera98@gmail.com	$2b$10$HdwfIm8uju7LgBcfBJ74OehA7s6KPsIsgw5M4POxue0baHrpApJuC	Ms M.R.V. Perera	presenter	\N	985120064V	116	 University of Peradeniya"  Faculty of Science "Department of Molecular Biology and Biotechnology 116	\N	\N	\N
1eaa99ae-0878-4431-8d7d-04fe9abd8467	2024-04-26 14:09:55.208212	2024-04-26 14:09:55.208212	f5172c	kesharab4@gmail.com	$2b$10$RmO76BeoH7Aq2tZXjEZbjuXOOzLAHK34yTMFhdD5jzoW8gmM5Wjym	Mr Bandaranayake MBKK	presenter	\N	971601981V	127	 University of Ruhuna " "Faculty of Science 127	\N	\N	\N
2970993a-bfcb-4376-8b09-64e82ad84a6e	2024-04-26 14:09:55.357823	2024-04-26 14:09:55.357823	ASUW154917	shashikalawanigasekara@gmail.com	$2b$10$NYX6b.RXpBzaEjjVMzbPYen9cRBQnSFnxlNyjLfT4JXztGYqG4dvO	Ms B.A.S.U. WANIGASEKARA	presenter	\N	946343650V	139	PGIS 139	\N	\N	\N
cb4373ae-8cac-49d3-a565-0efee41c85a5	2024-04-26 14:09:55.50825	2024-04-26 14:09:55.50825	GPK2483cd	prasadkgsc@gmail.com	$2b$10$SfXpZvfAxk81KE5lhjQGj.PeWOMq4UJJ.o7LTgbvlxGlO/QJRckfG	Mr P.G.P. Kumara	presenter	\N	940623111v	151	 University of Peradeniya" "PGIS 151	\N	\N	\N
ff0427e4-8096-4b04-b6a8-3ced31d26ffa	2024-04-26 14:09:55.658098	2024-04-26 14:09:55.658098	6c40d2	mcaron1@my.westga.edu	$2b$10$U4RQDlc9sRiXzffGH./SounEDGJfLhGBfQGWYV/8Zbjok7GtTgo/.	Mr Mason A Caron	presenter	\N	991340788V	163	University of West Georgia 163	\N	\N	\N
484f02ee-bd38-480d-819b-6def84283ce9	2024-04-26 14:09:55.828	2024-04-26 14:09:55.828	HGR06061e	hasitharodrigo95@gmail.com	$2b$10$CmSPPvIX2i0.cenRd6mCWe89yt8b4J7isHeWnmGA5OQFKQ62uzUKG	Mr U.H.G.Rodrigo	presenter	\N	952612492v	174	Sabaragamuwa University of Sri Lanka 174	\N	\N	\N
ffb8b118-3710-408e-8e22-34113d13f3db	2024-04-26 14:09:55.998659	2024-04-26 14:09:55.998659	PD2b9866	piumi1197@gmail.com	$2b$10$mnwII.vO/FyKjdNCxM2H0u5.fI3npmAV4p9.ctfgXvGsS/SPKZx.e	Ms P.P. Dilshani	presenter	\N	978470319V	184	 Sri Lanka" "University of Kelaniya 184	\N	\N	\N
ea89f484-28d2-454d-ae4e-0e00a2e8f352	2024-04-26 14:09:56.158156	2024-04-26 14:09:56.158156	06c60c	swapna.gajbhiye73@gmail.com	$2b$10$WMCwCptkRGb1NExTTT1iC.AXBfeWm7vsWxEN0JVxP8NvmjgnLfAji	Ms SWAPNAJA SHRIDHAR GAJBHIYE	presenter	\N	L5136517	200	PUNE" "BABURAOJI GHOLAP COLLEGE 200	\N	\N	\N
e1fc4102-c15f-4890-88db-ac5716c3fe41	2024-04-26 14:09:56.317916	2024-04-26 14:09:56.317916	ADdabafb	adangolla@gmail.com	$2b$10$g.1DEkM878/3tvjUUl9l2Op3q6chxbcsPKXpyGjRMTJuiDUt9X0Gq	Prof. A Dangolla	paid_user	\N	196411801684		Faculty of Veterinary Medicine and Animal Science 	\N	\N	\N
f83f2c5b-0933-455d-8fc3-23ebae7c1fa3	2024-04-26 14:10:05.689118	2024-04-26 14:10:05.689118	SAf94607	default@email.com	$2b$10$Mx9AZh0m4sO75pLrOTaQwu2utDHjS3VakCdK2UTvOrc5c6aT467pO	Dr. SP Abeysundara	session_chair	ICTMS3	\N	\N	\N	\N	\N	\N
ab590937-df9d-4660-b933-3a8a31230f6c	2024-04-26 14:10:05.898341	2024-04-26 14:10:05.898341	RSRd1442d	rupika.rajakaruna@sci.pdn.ac.lk	$2b$10$srXV6EAp/STcItm4WznblunvnRfwYbSpzGk558oyvFCaF2vV0jJzm	Prof. R.S. Rajakaruna	session_chair	LS3	\N	\N	\N	\N	\N	\N
e128790e-2964-4124-a05d-43115ec9ed7b	2024-04-26 14:10:06.068043	2024-04-26 14:10:06.068043	CD4119c9	chandimasd@sci.pdn.ac.lk	$2b$10$mDEwD6snCX48QnGTdOmYSOOMRygCUahEXr0iSFtEOnXRTKTndRQOC	Dr. Chandima Danapala	session_chair	LS9	\N	\N	\N	\N	\N	\N
9a5cd154-337c-4e65-8a4c-20a3065ab990	2024-04-26 14:10:06.248458	2024-04-26 14:10:06.248458	BSD1511d4	default@email.com	$2b$10$oxkQ3BEcXtZhTaJ0bz5Bzu3Z0vf8fkiPIr7K5CwxeIWaG6SiA6RdO	Dr. B. S. Dassanayake	session_chair	PS5	\N	\N	\N	\N	\N	\N
224e5dd6-4eb9-453b-b99f-14ed559641ee	2024-04-26 14:10:06.398121	2024-04-26 14:10:06.398121	LRf3fc42	laliwr@appsc.sab.ac.lk	$2b$10$YYVp/m1N6jfOcLnz/UKEhuXjyDtD97Ew.J5w0eQIzFNz/bNOOEjXu	Dr. Lalindra Ranaweera	session_chair	EES4	\N	\N	\N	\N	\N	\N
7afd3cee-f952-4553-96d7-2d0bdadf9644	2024-04-26 14:09:54.378221	2024-04-26 14:09:54.378221	IIae92fd	ishraiqbal@yahoo.com	$2b$10$POcPhoRpqkC7CUSt.6j/eOfgeU67wMav456xbzFD7Xl7RDJKI7r.G	Ms M . I Ishra	presenter	\N	906660091v	65	Postgraduate Institute of science University of peradeniya 65	\N	\N	\N
39999b43-7b57-4fd7-93f5-feffe896a64e	2024-04-26 14:09:54.548025	2024-04-26 14:09:54.548025	MKSDe4b919	kanjini31@gmail.com	$2b$10$LKSlefi.7ECaOEhc0PDIkO1Ym4kJmyYa6faaQxXrWQgujDj1qfb1S	Ms K.M.K.S Dissanayake	presenter	\N	200159102532	79,104	University of Colombo 104" "79	\N	\N	\N
4d6416c2-d8c2-4dd5-9adb-3d5655a74dee	2024-04-26 14:09:54.718276	2024-04-26 14:09:54.718276	DK5408e4	chathudulanjali24@gmail.com	$2b$10$pgOQzTG4TPrtGeM/kdAQW.19TeIINHGTKxVQ8cF98pEfj4cuf8qfW	Ms C. D. Kodithuwakkuarachchi	presenter	\N	917730059V	93	The Open University of Sri Lanka 93	\N	\N	\N
7a9547aa-15c1-4def-97bc-d974ba6d9a3d	2024-04-26 14:09:54.877998	2024-04-26 14:09:54.877998	KAP5fee71	kasuni.perera43@gmail.com	$2b$10$g0YOhCGrtc/.ZMepJboGMePnef.fGMDt/4sIjH36Kwsvn/rbMwpTe	Ms K.K.A. PERERA	presenter	\N	925193232v	105	PGIS  105	\N	\N	\N
ac530b4c-76c3-4878-ae26-bf82a0f32055	2024-04-26 14:09:55.027855	2024-04-26 14:09:55.027855	GCSdcfce1	vgchamo74@gmail.com	$2b$10$PNcdlWxuSmMRt5qHZ9yTA.RLbt7eostD8W1WjLL/L6H8isuKF8hBK	Ms V.G.C.Samanmali	presenter	\N	935981905 V	115	 Peradeniya"  University of Peradeniya "Post Graduate Institute of Science 115	\N	\N	\N
8bf98faf-30ca-46ae-b16c-79bcf59d35ff	2024-04-26 14:09:55.1878	2024-04-26 14:09:55.1878	MKCJC491591	amkcjcosta@gmail.com	$2b$10$jto28yRYjxZi9aqfG5pugOOhrTl/0SwUl0yrhLHk6qo1hW.jSZOq2	Mr A.M.K.C.J. Costa	presenter	\N	933353508V	126	PGIS 126	\N	\N	\N
737b7617-3be9-4620-a65e-cec36c3a6663	2024-04-26 14:09:55.337755	2024-04-26 14:09:55.337755	KRAWSNN6c9f8b	snnshamila@gmail.com	$2b$10$7tYQUNlrBxP9n4E8vRfag.LrvJeKv4AcCRLXPINFKistqJ3i0w8Ya	Ms M.K.R.A.W.S.N.Nawarathna	presenter	\N	976402731V	138	Ocean University of Sri Lanka 138	\N	\N	\N
73f5390b-4161-4d6f-8fd2-1f4285fb8fb9	2024-04-26 14:09:55.497911	2024-04-26 14:09:55.497911	PCe92b76	pathma.chandrika@gmail.com	$2b$10$NqBxI0zHoJmGRi4ZwQKPpedCEJueTvaFNjeRVae2kF9C3oafnux4S	Ms R. P. Chandrika	presenter	\N	936741452V	150	Postgraduate Institute of Science 150	\N	\N	\N
bcf53a5b-832f-4682-b373-c4f849118f12	2024-04-26 14:09:55.648058	2024-04-26 14:09:55.648058	RLRG38634c	rasangikagoonawardana@gmail.com	$2b$10$24BX1gUuxpIPWb8ft0Lc4OrRzIDteVMuLx.2gI0OW8COMQfYma7cW	Ms G. R. L. R. Goonawardan	presenter	\N	915253938V	161	Pai Chai University - South Korea 161	\N	\N	\N
a14e1346-068f-48fb-8ebd-cbe81e07568e	2024-04-26 14:09:55.808081	2024-04-26 14:09:55.808081	BAAKL101b15	a.anubhashani@gmail.com	$2b$10$F2X3NqM8lhgqJQfxIuci4e4D4JB/EtzVmNQ7DTJEJkrMCsxFElex.	Ms H.B.A.A.K. Lankanayaka	presenter	\N	965560955V	173	 University of Sri Jayewardenepura"  Faculty of Technology "Department of Biosystems Technology 173	\N	\N	\N
4539e159-0168-44f6-9b4f-0ceb3b49f6ed	2024-04-26 14:09:55.957881	2024-04-26 14:09:55.957881	IOa5ed25	olajideibk@yahoo.com	$2b$10$H5rEKYFwXLKFjI2DJRLpru5o56RZElAF7ePECkcyTOkF7ayAYczQK	Dr O. I. Olusola	presenter	\N	B50274725	182	 Nigeria"  Akure "Federal University of Technology 182	\N	\N	\N
73d340dd-ee94-4203-960f-2fb4abfc417a	2024-04-26 14:09:56.117828	2024-04-26 14:09:56.117828	LNK1ba370	linakhandare@gmail.com	$2b$10$BsqrySL6IJZ4C9s97D6fDOPuEq.zctne.LK4H9IDReaS1Gtz9FRRq	Dr Dr. Lina N Khandare 	presenter	\N	N4229000	195	 Savitribai Phule Pune University Pune " "Department of Physics 195	\N	\N	\N
193caa0e-869e-4a94-8d6a-95a5ff3b4f4e	2024-04-26 14:09:56.268055	2024-04-26 14:09:56.268055	Scfc4b3	ssinthujah@univ.jfn.ac.lk	$2b$10$7t9.C4Zs2rjyWn/7rMjj2.3wP7gS0yi959dpOXClnftnWyCZkC.HC	Dr Sivasinthujah. S	paid_user	\N	198850900486		University of Jaffna  	\N	\N	\N
e410f3ab-ff03-49a7-8e2e-425b89fd8d24	2024-04-26 14:10:05.688865	2024-04-26 14:10:05.688865	ALARRT18dcaa	default@email.com	$2b$10$d.L6W0o9i0H2E8.y7z961OBpjMm8mgan0TwrSlOyCFFqWCxt.UO06	Dr. A.L.A. Romesh  R  Thanuja	session_chair	ICTMS5	\N	\N	\N	\N	\N	\N
ae81d4f5-28b6-410b-a167-dbf10f302a5b	2024-04-26 14:10:05.898526	2024-04-26 14:10:05.898526	SHPPKcf30b9	shppk@sci.pdn.ac.lk	$2b$10$ZS/.FhvsDxFqyFvd6jl0Tug8HFcroVSDxtIAEhIWn7llhDWksFwjO	Prof. S.H.P.P. Karunaratne	session_chair	LS3	\N	\N	\N	\N	\N	\N
71c28eb6-1069-4bd4-9d85-3608b6a1fb44	2024-04-26 14:10:06.05885	2024-04-26 14:10:06.05885	PSbbebc2	psam@sci.pdn.ac.lk	$2b$10$rLeKcOJll7xoLGjROlUGz.80c48UDdS1aLgIbeAruerQlKs37SDdK	Prof. Preminda Samaraweera	session_chair	LS9	\N	\N	\N	\N	\N	\N
9ed63a23-5a19-4eac-8c8a-e25227af34ee	2024-04-26 14:10:06.22834	2024-04-26 14:10:06.22834	WRPWfdb61c	default@email.com	$2b$10$MhIvdEIMYaI6Lsl6i6nycuUPyEVKsgF0Ep6E/BSxuZU29B/8Djssa	Dr. W. R. Priyanga Wijesinghe	session_chair	PS4	\N	\N	\N	\N	\N	\N
c4b4cb50-fb37-4710-be92-9642f3e275f8	2024-04-26 14:10:06.388657	2024-04-26 14:10:06.388657	NB179ae6	nanda.balasooriya@sci.pdn.ac.lk	$2b$10$DWrcEInQL9O1W0STuw7fCenO.1bOOdoDKdxzyV7.hFdDA3uV8aWBy	Prof. Nanda Balasooriya	session_chair	EES4	\N	\N	\N	\N	\N	\N
0eb78513-b855-43ab-818c-2bfb21e7eb32	2024-04-26 14:09:54.418127	2024-04-26 14:09:54.418127	DKH83900f	heshankamaljith@gmail.com	$2b$10$WBHEYUShz3cPK801uimND.IG/NFZdceLLgsV2TfDWGkLBqeArEVKO	Mr G.D.K.Heshan	presenter	\N	870951612V	69	PGIS PhD student 69	\N	\N	\N
8ff09252-dd81-4f22-b3c8-a38c593e2b50	2024-04-26 14:09:54.577764	2024-04-26 14:09:54.577764	GASSGbad6c5	ssewwandikagamage@gmail.com	$2b$10$8IYaT.QbLCTRIlk4wjJLXeSWNObub5S3H3gI0H0WH7/ixaWqeMmYe	Ms J.G.A.S.S.GAMAGE	presenter	\N	956161312 V	82	 Sri Lanka"  Peradeniya  University of Peradeniya  Faculty of Science "Department of Molecular Biology and Biotechnology 82	\N	\N	\N
84502547-28ef-4202-b374-868a593a13c6	2024-04-26 14:09:54.73783	2024-04-26 14:09:54.73783	WMKE0d5716	kavindiweerasinghe123@gmail.com	$2b$10$cIB61QskQNh9Vsktu6pIvuHD23Xr0B0M1Py7cHZIjxa8ax0m0jCAK	Ms Weerasinghe B. W. M. K. E.	presenter	\N	948000407V	96	 University of Kelaniya" "Department of Microbiology 96	\N	\N	\N
94ae88f4-f5f3-4bbd-921a-c8afc4d7abe5	2024-04-26 14:09:54.907964	2024-04-26 14:09:54.907964	ASIa7dd26	sindunika@gmail.com	$2b$10$kWzyQiNtpsVP8x1eJ5hQ1eG2eKb/5X4C6b49k4B7Vavfygy0d7dJy	Dr S. A. S. Indunika	presenter	\N	926480235V	108	 University of Peradeniya" "Faculty of Veterinary Medicine and Animal Science 108	\N	\N	\N
088041ae-2bb8-4a86-8ecb-57e9c1cc08f8	2024-04-26 14:09:55.068381	2024-04-26 14:09:55.068381	MTAEb1f8bb	thyangiekanayake@gmail.com	$2b$10$p/XdcpVWvmk7Q2Hn1ZgdH.SqtFDrttdM0DAvZA7hUXJSScKf4IeXi	Ms E.M.T.A. Ekanayaka	presenter	\N	976401719v	117	 Kandy " "National Institute of Fundamental Studies 117	\N	\N	\N
6859e885-2fdf-409b-8a01-500917341beb	2024-04-26 14:09:55.218033	2024-04-26 14:09:55.218033	RJCL0d4dc6	janindu1chamod2@gmail.com	$2b$10$ii5Rn2Tmm1TPpztVYeqDNe5rjRzQxaSu0s4zbPmbAbeoUOdqJJ7Yi	Mr I.R.J.C. Lenagala	presenter	\N	200112500187	128	University of Colombo- Sri Lanka 128	\N	\N	\N
87ab6bb3-6564-4c2b-8254-5432cb6253c7	2024-04-26 14:09:55.367965	2024-04-26 14:09:55.367965	PJ3c6faa	dpjsuru@gmail.com	$2b$10$mZUdAX0EfJ6nCom/PrfnqOAX8Bo9mBhp1eqbVfynF/vPZVNy2Muke	Mr D.P.Jayarathne	presenter	\N	960791428V	141	University ofPeradeniya 141	\N	\N	\N
4b721eb3-01be-4d03-879e-8ff21186152c	2024-04-26 14:09:55.517874	2024-04-26 14:09:55.517874	ALS5c10fc	ralsanjeewa94@gmail.com	$2b$10$IzC/qOo0l2xDzTJkilYnUu7DmbYEzPreNlYt5z5jxHcRNy58M2ifO	Mr R.A.L. Sanjeewa	presenter	\N	943214069V	152	 University of Peradeniya" "Postgraduate Institute Of Science 152	\N	\N	\N
a2b85ecf-a687-4de0-a346-4661c026d495	2024-04-26 14:09:55.668371	2024-04-26 14:09:55.668371	19fe3f	jwiley3@my.westga.edu	$2b$10$N6co41TkFhMQdBj8xiZnRerY0tez2SyuI80cYi4MWnPm51NiJBkSW	Mr Julian Wiley (JW)	presenter	\N	93824880	163	University of West Georgia 163	\N	\N	\N
f4c0ce86-281b-47dd-8c53-180bd196f031	2024-04-26 14:09:55.828233	2024-04-26 14:09:55.828233	HDTNG5ef645	thiloshanipunajith@gmail.com	$2b$10$.VAu2AgfDVVuDEgcgCGsb.fHpN2Xaq61Kkl9G2N79mTQPgR.SjIXC	Mr G. H. D. T. N. Gammanpila	presenter	\N	971710233v	174	Sabaragamuwa University of Sri Lanka 174	\N	\N	\N
2ba98be3-3a24-4cfb-a04d-75e8543a306f	2024-04-26 14:09:55.998557	2024-04-26 14:09:55.998557	PDSL0bd5f3	mpdslakshmi@gmail.com	$2b$10$6k2EnJ1LsYhR/CSHxbhZdO2ABSiUO7qwfm1yRad3DL7fn8iEs8jku	Ms M.P.D.S. Lakshmi	presenter	\N	957351441V	185	Wayamba University of Sri Lanka 185	\N	\N	\N
da306f86-a383-4ed3-9479-0a6c69e182ba	2024-04-26 14:09:56.158214	2024-04-26 14:09:56.158214	cc4a09	ukarandeaparna@gmail.com	$2b$10$yWwwcTuMX74qW2bWrd.FleOtwTfyQknCYkKnqGPtotBOMB9HMLEti	Ms Aparna Satish Ukarande	presenter	\N	W8382365	198	Savitribai Phule Pune University 198	\N	\N	\N
a40ab812-ab5d-4bdb-90c0-b7b2900a62be	2024-04-26 14:09:56.317923	2024-04-26 14:09:56.317923	BPS62967d	hbsan@ou.ac.lk	$2b$10$9cppVzVyG.rLenZK7Cdsp.J6fK8bEeBk5dbkNIhfG2xc9a4iJm.Mq	Dr H.B.P.Sandani	paid_user	\N	198860702244		The Open University of Sri Lanka 	\N	\N	\N
329249a3-ed4d-4ebb-8740-6529c0909b8b	2024-04-26 14:10:05.688921	2024-04-26 14:10:05.688921	HU4457b2	default@email.com	$2b$10$Bt9necgSVqzTEOdRvyvGmOYqHdQJlojGOtihTsxhnJEA8KyAhaeES	Dr. Hakim Usoof	session_chair	ICTMS4	\N	\N	\N	\N	\N	\N
69b68f97-c228-4de8-b749-c10f1f5a0b50	2024-04-26 14:10:05.908392	2024-04-26 14:10:05.908392	IFe03d9b	irushikawit@yahoo.com	$2b$10$q2KSAzujzuwOm1Mro52zbOOFD9IpprUO9emL1sWqRVRMElMSALNCy	Dr. Irushika Fernando	session_chair	LS4	\N	\N	\N	\N	\N	\N
73bd2523-987b-411a-ab37-310ffd5bb79a	2024-04-26 14:10:06.058705	2024-04-26 14:10:06.058705	CA619f9b	default@email.com	$2b$10$2lmChuQVOpt5CX.Epvc0euzuOKROzXFpA9Y84KUOO52Cw5gqMtdYm	Prof. Charmalie Abayasekara	session_chair	LS8	\N	\N	\N	\N	\N	\N
a205f32b-279a-489e-932c-cfa105d86a81	2024-04-26 14:10:06.218691	2024-04-26 14:10:06.218691	AW9301d1	default@email.com	$2b$10$JCqsXCgC61Yw8uCS4dDarOLjb/R0fJkYiZAAscyuOkL8jM2FMEn4y	Prof. Anura Wickramasinghe	session_chair	PS4	\N	\N	\N	\N	\N	\N
3adbc542-0900-4017-8fff-aa02ca1177f4	2024-04-26 14:10:06.378329	2024-04-26 14:10:06.378329	SBdbf74e	suyamam@sci.pdn.ac.lk	$2b$10$SARKWKlLLoFIB.5bkBr8kOsWvTmFZza2fMbDZjXXv9fN3TT4gIXnW	Prof. Suyama Boyagoda	session_chair	EES3	\N	\N	\N	\N	\N	\N
\.


--
-- Name: panal_discussions PK_0070f61d6c0250b79d657116298; Type: CONSTRAINT; Schema: public; Owner: rescon
--

ALTER TABLE ONLY public.panal_discussions
    ADD CONSTRAINT "PK_0070f61d6c0250b79d657116298" PRIMARY KEY (id);


--
-- Name: sessions PK_3238ef96f18b355b671619111bc; Type: CONSTRAINT; Schema: public; Owner: rescon
--

ALTER TABLE ONLY public.sessions
    ADD CONSTRAINT "PK_3238ef96f18b355b671619111bc" PRIMARY KEY (id);


--
-- Name: plenary_talks PK_628280c767ffe7c897d7576e110; Type: CONSTRAINT; Schema: public; Owner: rescon
--

ALTER TABLE ONLY public.plenary_talks
    ADD CONSTRAINT "PK_628280c767ffe7c897d7576e110" PRIMARY KEY (id);


--
-- Name: session_items PK_93fe81b2d7f672603a7bf19382f; Type: CONSTRAINT; Schema: public; Owner: rescon
--

ALTER TABLE ONLY public.session_items
    ADD CONSTRAINT "PK_93fe81b2d7f672603a7bf19382f" PRIMARY KEY (id);


--
-- Name: session_chairs PK_9fdb892f2352662c17305e9ea34; Type: CONSTRAINT; Schema: public; Owner: rescon
--

ALTER TABLE ONLY public.session_chairs
    ADD CONSTRAINT "PK_9fdb892f2352662c17305e9ea34" PRIMARY KEY (session_id, session_chair_id);


--
-- Name: users PK_a3ffb1c0c8416b9fc6f907b7433; Type: CONSTRAINT; Schema: public; Owner: rescon
--

ALTER TABLE ONLY public.users
    ADD CONSTRAINT "PK_a3ffb1c0c8416b9fc6f907b7433" PRIMARY KEY (id);


--
-- Name: roles PK_c1433d71a4838793a49dcad46ab; Type: CONSTRAINT; Schema: public; Owner: rescon
--

ALTER TABLE ONLY public.roles
    ADD CONSTRAINT "PK_c1433d71a4838793a49dcad46ab" PRIMARY KEY (id);


--
-- Name: roles UQ_648e3f5447f725579d7d4ffdfb7; Type: CONSTRAINT; Schema: public; Owner: rescon
--

ALTER TABLE ONLY public.roles
    ADD CONSTRAINT "UQ_648e3f5447f725579d7d4ffdfb7" UNIQUE (name);


--
-- Name: sessions UQ_9340188c93349808f10d1db74a8; Type: CONSTRAINT; Schema: public; Owner: rescon
--

ALTER TABLE ONLY public.sessions
    ADD CONSTRAINT "UQ_9340188c93349808f10d1db74a8" UNIQUE (session_id);


--
-- Name: IDX_14e57012eb4717bd686b8cbaa2; Type: INDEX; Schema: public; Owner: rescon
--

CREATE INDEX "IDX_14e57012eb4717bd686b8cbaa2" ON public.session_chairs USING btree (session_id);


--
-- Name: IDX_854f05eee1caae7decd9130d4d; Type: INDEX; Schema: public; Owner: rescon
--

CREATE INDEX "IDX_854f05eee1caae7decd9130d4d" ON public.session_chairs USING btree (session_chair_id);


--
-- Name: session_chairs FK_14e57012eb4717bd686b8cbaa24; Type: FK CONSTRAINT; Schema: public; Owner: rescon
--

ALTER TABLE ONLY public.session_chairs
    ADD CONSTRAINT "FK_14e57012eb4717bd686b8cbaa24" FOREIGN KEY (session_id) REFERENCES public.sessions(session_id) ON UPDATE CASCADE ON DELETE SET NULL;


--
-- Name: users FK_39f0c2dc962af79c0dabfed43eb; Type: FK CONSTRAINT; Schema: public; Owner: rescon
--

ALTER TABLE ONLY public.users
    ADD CONSTRAINT "FK_39f0c2dc962af79c0dabfed43eb" FOREIGN KEY (role_name) REFERENCES public.roles(name);


--
-- Name: session_chairs FK_854f05eee1caae7decd9130d4d6; Type: FK CONSTRAINT; Schema: public; Owner: rescon
--

ALTER TABLE ONLY public.session_chairs
    ADD CONSTRAINT "FK_854f05eee1caae7decd9130d4d6" FOREIGN KEY (session_chair_id) REFERENCES public.users(id) ON UPDATE CASCADE ON DELETE SET NULL;


--
-- Name: session_items FK_adf2dab2d30bb46e4490a684182; Type: FK CONSTRAINT; Schema: public; Owner: rescon
--

ALTER TABLE ONLY public.session_items
    ADD CONSTRAINT "FK_adf2dab2d30bb46e4490a684182" FOREIGN KEY (presenter_id) REFERENCES public.users(id);


--
-- Name: plenary_talks FK_b06ba039733701745a59f162686; Type: FK CONSTRAINT; Schema: public; Owner: rescon
--

ALTER TABLE ONLY public.plenary_talks
    ADD CONSTRAINT "FK_b06ba039733701745a59f162686" FOREIGN KEY (session_id) REFERENCES public.sessions(session_id) ON UPDATE CASCADE ON DELETE SET NULL;


--
-- Name: panal_discussions FK_c1a69c2661806c2e1c6fc4c77cf; Type: FK CONSTRAINT; Schema: public; Owner: rescon
--

ALTER TABLE ONLY public.panal_discussions
    ADD CONSTRAINT "FK_c1a69c2661806c2e1c6fc4c77cf" FOREIGN KEY (session_id) REFERENCES public.sessions(session_id) ON UPDATE CASCADE ON DELETE SET NULL;


--
-- Name: session_items FK_fe6bd73f766fde90aa0854452b6; Type: FK CONSTRAINT; Schema: public; Owner: rescon
--

ALTER TABLE ONLY public.session_items
    ADD CONSTRAINT "FK_fe6bd73f766fde90aa0854452b6" FOREIGN KEY (session_id) REFERENCES public.sessions(session_id) ON UPDATE CASCADE ON DELETE SET NULL;


--
-- PostgreSQL database dump complete
--

